Station_ID,Month_UTC,Year_UTC,Abundance,pH_min,pH_max,pH_mean,pH_median,pH_var,pH_range,depth_at_pH_min,depth_at_pH_max,OmegaCA_min,OmegaCA_max,OmegaCA_mean,OmegaCA_median,OmegaCA_var,OmegaCA_range,depth_at_OmegaCA_min,depth_at_OmegaCA_max
080.0 051.0,1,2015,6685.71,7.9832503655264,8.07150388479407,8.018747537244531,8.010117949328826,0.0017195030394367595,0.08825351926767055,60,2,3.01213768414132,3.87652581941022,3.353403257802165,3.26247476382856,0.16564907567784656,0.8643881352689,60,2
080.0 051.0,1,2016,400,7.9973654765885,8.01850083268682,8.007471514430136,8.00654823401509,1.1231515439431202e-4,0.021135356098320734,30,4,3.22519795144581,3.38258065588794,3.2951549137846734,3.27768613402027,0.006421197614222635,0.1573827044421301,30,4
080.0 051.0,1,2017,5311.54,7.84916792294146,8.03295541536993,7.95773684709188,7.974412025028065,0.006640767277481273,0.18378749242847015,64,2,2.13277026539844,3.36404642920099,2.8321858125395476,2.91596327777938,0.2949878441823591,1.23127616380255,64,2
080.0 051.0,1,2021,0,7.97142463149687,7.97142463149687,7.97142463149687,7.97142463149687,NA,0,2,2,2.86569136891822,2.86569136891822,2.86569136891822,2.86569136891822,NA,0,2,2
080.0 051.0,2,2019,991.41,8.0035519996207,8.0035519996207,8.0035519996207,8.0035519996207,NA,0,2,2,3.22842659655527,3.22842659655527,3.22842659655527,3.22842659655527,NA,0,2,2
080.0 051.0,4,2014,6964.29,7.70721657980257,7.93125767188763,7.788126882598985,7.7570166393528694,0.010683065314865731,0.22404109208506018,50,2,1.50607965935917,2.54548218323717,1.8639406506376477,1.702100379977125,0.2318747873232876,1.039402523878,50,2
080.0 051.0,4,2015,1809.23,7.7584407388608,7.9582988936179,7.82103197942471,7.78369414261007,0.008780261059419793,0.19985815475709945,61,2,1.66566452031751,2.64502364722553,1.9650327825863925,1.774721481401265,0.21303862626353523,0.9793591269080202,61,2
080.0 051.0,4,2016,4344.67,7.83439108471401,7.93233329283668,7.8912912126737105,7.899220236572075,0.0017744240522927959,0.09794220812266996,60,3,2.11385163781079,2.70214138254867,2.44083332486548,2.47367013955123,0.06290949867688815,0.5882897447378803,60,3
080.0 051.0,4,2017,2129.48,7.70068779572024,7.81303768932726,7.7370208730888095,7.71717900365387,0.002637000609415825,0.11234989360701952,60.3,2.2,1.48800520946453,1.98014591580306,1.64076420848405,1.547452854334305,0.05216214772150615,0.49214070633853013,60.3,2.2
080.0 051.0,4,2018,4751.51,7.91207869926061,7.91207869926061,7.91207869926061,7.91207869926061,NA,0,2,2,2.42715489749536,2.42715489749536,2.42715489749536,2.42715489749536,NA,0,2,2
080.0 051.0,4,2019,2188.39,7.84531836795874,7.84531836795874,7.84531836795874,7.84531836795874,NA,0,2.9,2.9,2.14165396017755,2.14165396017755,2.14165396017755,2.14165396017755,NA,0,2.9,2.9
080.0 051.0,5,2021,5142.86,8.20290467262465,8.20290467262465,8.20290467262465,8.20290467262465,NA,0,3,3,4.36505617508628,4.36505617508628,4.36505617508628,4.36505617508628,NA,0,3,3
080.0 051.0,6,2018,32.68,8.08559039525128,8.08559039525128,8.08559039525128,8.08559039525128,NA,0,2,2,4.19683586543916,4.19683586543916,4.19683586543916,4.19683586543916,NA,0,2,2
080.0 051.0,7,2014,6341.18,7.79235991020112,8.07928532729719,7.968729439434496,8.001636260119835,0.015903791062520763,0.28692541709607067,65,2,1.84259506607592,4.43987879767972,3.1417846464088623,3.142332360939905,1.1759854463419182,2.5972837316037998,65,2
080.0 051.0,7,2015,13000,7.82119865343169,8.09593969969442,7.95721097963432,7.98497130472276,0.014783684053358608,0.2747410462627293,60,2,1.96975760462594,4.24936704982936,2.953179763226196,3.00690992368904,0.9168592504299867,2.2796094452034197,60,2
080.0 051.0,7,2019,2705.7,7.99340201215312,7.99340201215312,7.99340201215312,7.99340201215312,NA,0,2,2,3.15137777538603,3.15137777538603,3.15137777538603,3.15137777538603,NA,0,2,2
080.0 051.0,7,2020,1245.09,7.92823566787464,7.92823566787464,7.92823566787464,7.92823566787464,NA,0,1,1,2.67980112179773,2.67980112179773,2.67980112179773,2.67980112179773,NA,0,1,1
080.0 051.0,8,2017,3351.99,7.7900120333254,8.03504277648899,7.869673622089615,7.826819839272035,0.013138926090801945,0.2450307431635892,50,2,1.83894105339269,3.68710306999318,2.394417910759925,2.025813759826915,0.7712488414689505,1.8481620166004902,50,2
080.0 051.0,10,2020,1037.98,8.06731891189056,8.06731891189056,8.06731891189056,8.06731891189056,NA,0,1,1,4.02764735298453,4.02764735298453,4.02764735298453,4.02764735298453,NA,0,1,1
080.0 051.0,11,2014,8130,7.96053048224531,8.02646295254808,7.9937351421656455,7.993973566934596,0.0013153518279510011,0.06593247030277016,51,2,2.77461160885405,3.5956622390653,3.1882433141226025,3.19134970428553,0.20185271043475064,0.8210506302112499,64,2
080.0 051.0,11,2015,1440,7.91934586036478,8.29498392230025,8.040655838569887,8.0043241236245,0.022859579643465043,0.37563806193547045,60,50,2.57728799440012,5.84286000202391,3.61547756342114,3.23385705922011,1.7789065770363963,3.2655720076237897,60,50
080.0 051.0,11,2016,2936.07,7.8441045101341,8.01969243808044,7.908583586587725,7.88526869906818,0.006078354710475284,0.17558792794634037,61,2,2.1246599043789,3.41895724413756,2.569582407033913,2.3673562398095953,0.34385587857874983,1.2942973397586601,61,2
080.0 051.0,11,2017,1742.29,7.66324817427511,8.01597306189239,7.81889103645468,7.79817145482561,0.021781003358742817,0.3527248876172804,50,2,1.43257362393133,3.30724045991745,2.1454751284753626,1.921043215026335,0.6684353198755243,1.87466683598612,50,2
080.0 051.0,11,2019,1063.22,8.06027894845666,8.06027894845666,8.06027894845666,8.06027894845666,NA,0,2,2,3.93642508669991,3.93642508669991,3.93642508669991,3.93642508669991,NA,0,2,2
080.0 055.0,1,2009,2356.7,7.6793375835156,8.08300282243498,7.8515027782772995,7.82183535357931,0.03239438119382012,0.40366523891937955,171,1,1.38211962400553,3.64317302164442,2.25882776988449,2.0050092169440052,1.0308454888327883,2.2610533976388902,171,1
080.0 055.0,1,2011,1504.12,7.62207787686899,8.14739101601307,7.844500514597442,7.83746738462528,0.04089916215493711,0.5253131391440808,170,2,1.21208642926373,4.07572640970305,2.241620916773242,2.03914503063755,1.2618100551212024,2.86363998043932,170,2
080.0 055.0,1,2013,502.6,7.64060801011468,8.0697652839592,7.892176274744515,7.92021466001089,0.03152077451763656,0.4291572738445195,171,2,1.24896713074002,3.48966213962011,2.434388998255435,2.4409955567783097,0.8966467067239318,2.24069500888009,171,2
080.0 055.0,1,2015,3174.42,7.72727382517314,8.07662062131015,7.952492564061468,8.03762988960961,0.022710649668589416,0.34934679613701025,170,3,1.53130648366129,3.93953176932203,2.930906039903414,3.44072145173529,1.113001334491866,2.4082252856607402,170,3
080.0 055.0,1,2016,2478,7.7635533209642,8.10166883821181,7.9707953415387856,8.031445258038906,0.018126367510405396,0.33811551724760935,170,2,1.61362260912006,3.9266769667419,2.973692239448802,3.38207793548575,0.8859297055718484,2.31305435762184,170,2
080.0 055.0,1,2017,4825.68,7.69003902065925,8.03122203989185,7.890047998696414,7.93730233986513,0.024114133733988578,0.3411830192325995,170,30,1.41512258682894,3.30589160506249,2.46645048918129,2.62421801918161,0.7758472682474715,1.8907690182335497,170,30
080.0 055.0,1,2021,49.71,7.67846574523091,7.98164826908464,7.892571871844032,7.95508673653029,0.02085244252467525,0.3031825238537298,100,3,1.43309411586387,2.94435862885362,2.4812662667559477,2.77380616115315,0.5056451232243047,1.5112645129897502,100,3
080.0 055.0,2,2012,3661.07,7.67776218720164,8.08692614995753,7.89384194406982,7.87885418262995,0.033817752758038985,0.40916396275588873,170,1,1.35274479485759,3.5961347532305,2.456226518221394,2.2326173281198,1.0603172960961686,2.24338995837291,170,1
080.0 055.0,2,2019,1502.86,7.82242839090817,8.04339601723298,7.946765717767134,7.97447274516025,0.012782432496127465,0.2209676263248106,99,3,1.97123824312073,3.52924688428792,2.8314819175763466,2.99396062532039,0.626647229340539,1.5580086411671898,99,3
080.0 055.0,3,2009,697.19,7.64939220194325,8.06038264753671,7.8727244576188715,7.86586265338685,0.03391082918903552,0.410990445593459,169,3,1.28411074186998,3.41977886066119,2.350368185738088,2.14405438324469,0.980747401026286,2.1356681187912097,169,3
080.0 055.0,4,2011,5235.69,7.61503765968239,7.9218054630190204,7.771010732888084,7.76574683427806,0.020481339984835797,0.3067678033366308,170,2,1.18522982814081,2.48059916212271,1.81229195901149,1.71173596602765,0.3682743203278518,1.2953693339819001,170,2
080.0 055.0,4,2013,1792.68,7.63793838797178,8.00868225433597,7.86762902921071,7.91466644641403,0.025035374659273246,0.3707438663641893,170,2,1.23987572313946,3.043645253248,2.28800523888839,2.454562166303875,0.6231081566166781,1.8037695301085401,170,2
080.0 055.0,4,2014,3687.8,7.69437927221327,7.95600844673003,7.835548044406348,7.87405410756334,0.01109549740219427,0.2616291745167594,171,2,1.41411099423572,2.7740038585387,2.085304281450506,2.22402746632122,0.29937088599268746,1.3598928643029802,171,2
080.0 055.0,4,2015,1161.7,7.71055021325853,8.05504027369062,7.93750177233607,7.9967624254864,0.02155964869527046,0.34449006043208996,170,2,1.42217320550401,3.46474817939424,2.687200799111128,2.978976687933735,0.8102059421030654,2.04257497389023,170,2
080.0 055.0,4,2016,1680,7.66045131180304,7.98047831117315,7.78960959044322,7.7587543693983445,0.02198739615270599,0.3200269993701097,171,30,1.32272969256794,2.85783698536152,1.9212901203439925,1.752296901723255,0.4897156629889343,1.5351072927935803,171,30
080.0 055.0,4,2017,6589.93,7.66932352522998,8.23763595574174,7.897982147922394,7.84946501444565,0.05370012841538142,0.5683124305117593,170.7,2.3,1.31605447233542,5.01203936266269,2.61518307598558,2.11821439329953,2.274840392897791,3.69598489032727,170.7,2.3
080.0 055.0,4,2018,4395.34,7.81647921550139,8.05633798582046,7.9649605112152395,7.993512421769555,0.010751597380034438,0.23985877031906888,100,3,1.88094720627933,3.36521204209808,2.7803176278410024,2.9375556314933,0.4037637749906445,1.4842648358187498,100,3
080.0 055.0,4,2019,347.58,7.75589199934478,8.06217898776529,7.922700120487874,7.97920297835137,0.02419398363617578,0.30628698842050905,100.8,14.8,1.66661233139382,3.56270509264904,2.674774602576046,2.93088072770106,0.911044096040176,1.8960927612552199,100.8,14.8
080.0 055.0,5,2021,1359.66,7.95626851960364,8.06242192789144,8.009345223747541,8.009345223747541,0.005634273045558273,0.10615340828780084,31,3,2.35751537879395,3.1094857917131,2.733500585253525,2.733500585253525,0.2827297509528985,0.75197041291915,31,3
080.0 055.0,6,2018,8577.38,7.97298694715003,8.02233741224647,8.0055969980344,8.0214666347067,7.977511273918391e-4,0.04935046509644003,30,15,2.91531641929074,3.22423589145971,3.1209694863494732,3.22335614829797,0.031720081480005484,0.30891947216896964,30,15
080.0 055.0,7,2009,5067.27,7.67186901528656,8.02374815512269,7.800225793717134,7.76301204289599,0.019486357599082325,0.3518791398361296,171,2,1.35832433731698,3.35550396860382,2.001207337905426,1.71614273590692,0.6485565216368845,1.99717963128684,171,2
080.0 055.0,7,2012,5347.03,7.6435879217519,8.15674954899003,7.853231591899474,7.76922155481399,0.048987487647814465,0.5131616272381301,170,2,1.27195067572464,4.4037945890843,2.41171876981722,1.7309566211767,1.8460175677977693,3.13184391335966,170,2
080.0 055.0,7,2013,6538,7.67197558990102,7.97048291886257,7.80403452347288,7.784850067841795,0.013375734442604568,0.2985073289615494,170,1,1.35255484397378,2.89898958150548,1.97434575208704,1.83108043866372,0.35586475782468474,1.5464347375317,170,1
080.0 055.0,7,2014,10073.8,7.6791843380344,8.03856140628487,7.874858374431758,7.91030184092459,0.02726374798186921,0.35937706825047044,170,2,1.4003325445346,4.11549822280298,2.5519767188969222,2.42051830307991,1.3179463348912457,2.71516567826838,170,2
080.0 055.0,7,2015,5772.38,7.65230334889618,8.07285352886272,7.871958707052391,7.873086084164591,0.0322807999426385,0.420550179966539,170,15,1.32444022688785,4.16879105970691,2.571744197744102,2.27434654213712,1.495185475597198,2.8443508328190603,170,2
080.0 055.0,7,2019,1875.4,7.9784079040728,8.13724504154377,8.070174298634107,8.09486995028575,0.0067647154678673535,0.15883713747096895,30,2,2.98380897168991,4.36669032214659,3.7706973886197197,3.96159287202266,0.505421021547954,1.3828813504566795,30,2
080.0 055.0,7,2020,4067.74,7.67690152716468,8.09642949492711,7.883739868446727,7.88081422584756,0.04355530399261246,0.41952796776242973,170,1,1.37944284292041,4.14089915639778,2.634321303061555,2.508471606464015,1.8451184577057236,2.76145631347737,170,1
080.0 055.0,8,2011,2065.89,7.67350196548464,8.05115979592626,7.825595522658945,7.796044533573835,0.024510182456852214,0.3776578304416205,169,2,1.35281976807019,3.51991568749984,2.1203689873842233,1.826718769690785,0.7831966230729572,2.1670959194296495,169,2
080.0 055.0,8,2017,4666.41,7.66129063800713,8.09285671292397,7.896511897469008,7.89864132517826,0.029892712689864626,0.43156607491683996,100,3,1.35607120190769,4.06111123386144,2.672143607127192,2.4909964758461,1.2363898609586257,2.70504003195375,100,3
080.0 055.0,10,2011,0,7.66415503224868,8.0871087498127,7.937635545729441,8.01986056690345,0.033159222196687294,0.42295371756401945,170,20,1.32135728588424,4.03147481066324,2.968149099508577,3.394731907986185,1.492204161765736,2.710117524779,170,20
080.0 055.0,10,2020,5.33,7.85332782375545,8.10300583348669,8.014440115867226,8.050713403113381,0.012180325591670996,0.249678009731241,101,15,2.02138296136966,4.36081015151875,3.539200386342125,3.887304216240045,1.0808580568486184,2.3394271901490904,101,15
080.0 055.0,11,2013,10419.57,7.69745772584055,8.08758232347809,7.9190030043179105,7.946801721724585,0.02668290841062798,0.3901245976375396,169,2,1.43004740915987,3.91115638970984,2.704494225981265,2.747842487854345,1.1218356159126668,2.48110898054997,169,2
080.0 055.0,11,2014,3200,7.73583504564045,8.07147613714058,7.947410739033827,7.995009019790684,0.020101211178467058,0.33564109150013,170,2,1.54205728802677,4.08472876346168,2.99450901321006,3.17975782213004,1.2444625323854825,2.5426714754349096,170,2
080.0 055.0,11,2015,5066.25,7.7033833518679,8.22025726606005,7.968151135972281,8.034255622993228,0.039372624316293396,0.5168739141921508,170,52,1.46515868694655,4.77422456957712,3.178904341607452,3.60050294457103,1.7599024093155073,3.30906588263057,170,52
080.0 055.0,11,2016,4078.85,7.68957453524524,8.03397934542311,7.826606191485226,7.80530879430759,0.017780840372190347,0.3444048101778696,170,2,1.42324299260053,3.50948645908723,2.139592025016078,1.89763328636158,0.6852289070316021,2.0862434664866996,170,2
080.0 055.0,11,2017,6902.81,7.6824791143505,8.06216867115505,7.88803852846633,7.900026922696744,0.02760056703695054,0.37968955680454997,170,16,1.40155370812416,3.80934762346558,2.6175867820490364,2.581690025076365,1.2004687665192855,2.40779391534142,170,3
080.0 055.0,11,2019,3400.81,7.7708432993406,8.0512042896697409,7.943578326728122,7.976132858951075,0.015187021093247224,0.2803609903291413,100,1,1.74280918351985,3.75400713350637,2.915180694228675,3.08195322994424,0.7602223702406885,2.01119794998652,100,1
080.0 060.0,1,2015,737.23,7.7369039164238,8.07191678053214,7.935537974844542,7.95914241629771,0.02064577552611319,0.3350128641083403,170,2,1.51597920030662,3.79151024745986,2.719298711424896,2.67877383571443,0.9952541936211428,2.27553104715324,170,2
080.0 060.0,1,2016,5350,7.76107764722911,8.07331328669166,7.959215191083918,8.05815433102859,0.02176793671892708,0.31223563946254984,170,30,1.62531454410145,3.64486126967737,2.905389491013522,3.56479108840822,0.9669023850216436,2.01954672557592,170,30
080.0 060.0,1,2017,1181.19,7.69738755478514,8.07404201884257,7.939819772399893,8.04389953446588,0.029683536211451672,0.37665446405743097,170,2,1.41845456171947,3.59514651515851,2.766991476817284,3.38263993405457,1.0583988308012562,2.1766919534390397,170,2
080.0 060.0,1,2021,100.94,8.00404678501769,8.00404678501769,8.00404678501769,8.00404678501769,NA,0,4,4,3.09110694166175,3.09110694166175,3.09110694166175,3.09110694166175,NA,0,4,4
080.0 060.0,2,2018,788.54,8.06867366906959,8.06867366906959,8.06867366906959,8.06867366906959,NA,0,2,2,3.72175873269437,3.72175873269437,3.72175873269437,3.72175873269437,NA,0,2,2
080.0 060.0,2,2019,1229.76,8.03913009609545,8.03913009609545,8.03913009609545,8.03913009609545,NA,0,2,2,3.46319967178105,3.46319967178105,3.46319967178105,3.46319967178105,NA,0,2,2
080.0 060.0,4,2014,1610.25,7.65388303145382,8.06976556177856,7.88822153541414,7.93263300573413,0.03736520337777984,0.41588253032473954,170,2,1.29622335936028,3.69835428518419,2.5282741927800103,2.56290235996871,1.2408253459670457,2.40213092582391,170,2
080.0 060.0,4,2015,492.41,7.72434474071467,8.07188201519458,7.941023380899266,8.05715600350034,0.028312098875780605,0.3475372744799099,170,2,1.48021079802474,3.69108627863731,2.770244229487502,3.42613630401008,1.0947905250971686,2.21087548061257,170,2
080.0 060.0,4,2017,2036.15,7.65687654524937,8.05646597128267,7.914153707720351,7.979915543746239,0.025484050563205397,0.39958942603329994,170,2.3,1.30180914268172,3.48712367100548,2.5969490614218134,2.91302005207499,0.8104205997422949,2.18531452832376,170,2.3
080.0 060.0,4,2018,5328.89,8.06581178354331,8.06581178354331,8.06581178354331,8.06581178354331,NA,0,2.2,2.2,3.50432855861353,3.50432855861353,3.50432855861353,3.50432855861353,NA,0,2.2,2.2
080.0 060.0,4,2019,0,8.04317762657988,8.04317762657988,8.04317762657988,8.04317762657988,NA,0,1.6,1.6,3.40277058158113,3.40277058158113,3.40277058158113,3.40277058158113,NA,0,1.6,1.6
080.0 060.0,5,2021,6760.38,8.11705667727628,8.11705667727628,8.11705667727628,8.11705667727628,NA,0,4,4,3.41818539865018,3.41818539865018,3.41818539865018,3.41818539865018,NA,0,4,4
080.0 060.0,7,2014,2885.98,7.68975574836756,8.06367617641387,7.886223427404046,7.91494573450376,0.030255466708392718,0.37392042804630954,170,26,1.36703440585755,4.08762104878012,2.665266559690648,2.37757216814197,1.6990457489551916,2.72058664292257,170,2
080.0 060.0,7,2015,5033.6,7.6955803106642104,8.08037469785716,7.896344252415146,7.91622878502339,0.027799113439640283,0.3847943871929491,170,30,1.40011581524648,4.05878065886937,2.67680085941798,2.52305722409196,1.4741835628471456,2.65866484362289,170,2
080.0 060.0,7,2019,2777.44,8.0565231773187,8.0565231773187,8.0565231773187,8.0565231773187,NA,0,2,2,3.85007715437809,3.85007715437809,3.85007715437809,3.85007715437809,NA,0,2,2
080.0 060.0,7,2020,1147.23,8.06023176363807,8.06023176363807,8.06023176363807,8.06023176363807,NA,0,2,2,3.89805077029464,3.89805077029464,3.89805077029464,3.89805077029464,NA,0,2,2
080.0 060.0,10,2020,584.8,8.05656199334314,8.05656199334314,8.05656199334314,8.05656199334314,NA,0,3,3,4.12218203584682,4.12218203584682,4.12218203584682,4.12218203584682,NA,0,3,3
080.0 060.0,11,2014,3500,7.69093860459987,8.07540165538111,7.925431808696174,7.96792874908203,0.027786618191432542,0.38446305078124077,170,2,1.40089468477729,4.0811381448168,2.8275732430033917,2.77683073680025,1.4682244881784638,2.6802434600395095,170,2
080.0 060.0,11,2015,8753.68,7.7645612242945,7.98201851333788,7.901756667787804,7.94210231111855,0.007494058636800757,0.2174572890433799,170,30,1.62760444642659,3.33738043252505,2.615107465215212,2.79766335637377,0.5064907445483143,1.70977598609846,170,30
080.0 060.0,11,2016,10404.74,7.73713430326729,8.03824006409995,7.870227225277286,7.85016044638359,0.017092470666595614,0.3011057608326606,170,3,1.5469859861771,3.52665208939543,2.368730185353138,2.12900123722412,0.7423055035134921,1.97966610321833,170,3
080.0 060.0,11,2017,6506.62,7.6502129299023,8.05734340485171,7.9124767659343265,8.04182701768722,0.03608539534049521,0.4071304749494109,171,30,1.30510103626277,3.86114017429496,2.786431457880206,3.28269292972289,1.4355683904624086,2.5560391380321903,171,30
080.0 060.0,11,2019,2343.75,8.04358883250409,8.04358883250409,8.04358883250409,8.04358883250409,NA,0,2,2,3.8101704915408,3.8101704915408,3.8101704915408,3.8101704915408,NA,0,2,2
080.0 070.0,1,2015,836,7.71137820619736,8.07503019301049,7.939468831875042,8.04704734516507,0.02971860539412701,0.36365198681312894,170,30,1.43991621742637,3.84953535172482,2.84494099286219,3.36816547270069,1.3325172622296948,2.40961913429845,170,2
080.0 070.0,1,2016,4826,7.96246640490855,8.07029565381365,8.038563129179078,8.060745228997055,0.0026014516356982695,0.10782924890509982,94,26,2.72653077851639,3.72702047334198,3.4363568436964873,3.6459380614637897,0.22539874499024462,1.00048969482559,94,26
080.0 070.0,1,2017,2067.57,7.81029664036626,8.08807800477514,7.956312832225338,7.97290686754022,0.016764286806790665,0.27778136440888,100,2,1.86572850066845,3.68172208427719,2.75513187999995,2.79677670774483,0.7738554477358507,1.8159935836087397,170,2
080.0 070.0,1,2021,930.4,8.02842503668302,8.02842503668302,8.02842503668302,8.02842503668302,NA,0,2,2,3.18631638565742,3.18631638565742,3.18631638565742,3.18631638565742,NA,0,2,2
080.0 070.0,2,2018,2433.34,7.7657928074599,8.06675536870085,7.957282505686446,8.04050561889104,0.018867969649393124,0.3009625612409499,170,30,1.63109119397651,3.65513427794131,2.891812651453522,3.43980916718647,0.9155862317078152,2.0240430839648,170,30
080.0 070.0,2,2019,2325.62,8.04270469994539,8.04270469994539,8.04270469994539,8.04270469994539,NA,0,2,2,3.41462050004249,3.41462050004249,3.41462050004249,3.41462050004249,NA,0,2,2
080.0 070.0,4,2014,1210,7.71442411380396,8.08239439349232,7.929597091663612,8.00324930505432,0.0303929457235209,0.36797027968836016,170,30,1.43921092690068,3.78738253383708,2.746866346076668,3.03356654750055,1.2574110226904942,2.3481716069363996,170,30
080.0 070.0,4,2015,1512,7.72280181122092,8.05583687178214,7.9438777950495,8.05090009218145,0.024202166693980752,0.3330350605612189,168,30,1.49100410995957,3.72419137064303,2.908528682170862,3.65571918166157,1.202442927263605,2.2331872606834597,168,3
080.0 070.0,4,2017,812.62,7.70602633602225,8.10274508780509,7.967332466382416,8.04732965622688,0.026874125407828776,0.39671875178284033,169.4,50.2,1.4395157971852,3.83556121138878,2.945687353358128,3.48818374134108,1.0609877500741658,2.39604541420358,169.4,50.2
080.0 070.0,4,2018,4468.1,8.08422403381557,8.08422403381557,8.08422403381557,8.08422403381557,NA,0,3,3,3.76921225409138,3.76921225409138,3.76921225409138,3.76921225409138,NA,0,3,3
080.0 070.0,4,2019,527.43,8.04529466249192,8.04529466249192,8.04529466249192,8.04529466249192,NA,0,2.5,2.5,3.54581549928126,3.54581549928126,3.54581549928126,3.54581549928126,NA,0,2.5,2.5
080.0 070.0,5,2021,697.82,8.14039645857358,8.14039645857358,8.14039645857358,8.14039645857358,NA,0,3,3,3.61572337251684,3.61572337251684,3.61572337251684,3.61572337251684,NA,0,3,3
080.0 070.0,6,2018,707.64,8.03648875776387,8.03648875776387,8.03648875776387,8.03648875776387,NA,0,2,2,3.57673202489001,3.57673202489001,3.57673202489001,3.57673202489001,NA,0,2,2
080.0 070.0,7,2014,921.14,7.67562081150424,8.04646930396093,7.910850190101781,7.97108876197224,0.02518249127206921,0.37084849245668927,170,30,1.3300067987449,3.87335852876302,2.70060852816072,2.81418473032716,1.2076150075734642,2.54335173001812,170,3
080.0 070.0,7,2015,1639.02,7.76905245300308,8.06590223314667,7.9387362432191715,8.00633730320357,0.015792915778714205,0.29684978014358965,171,30,1.62331692519455,3.83386906494067,2.81943746003988,3.01672667953109,1.0013181012856602,2.2105521397461203,171,3
080.0 070.0,7,2019,1648.07,8.13746557325409,8.13746557325409,8.13746557325409,8.13746557325409,NA,0,2,2,4.36065837159622,4.36065837159622,4.36065837159622,4.36065837159622,NA,0,2,2
080.0 070.0,7,2020,1066.41,8.05876712442383,8.05876712442383,8.05876712442383,8.05876712442383,NA,0,3,3,3.7939715708801,3.7939715708801,3.7939715708801,3.7939715708801,NA,0,3,3
080.0 070.0,8,2017,2844.54,7.70790752736151,8.14186576112335,7.92244914311474,7.90492616203633,0.034778680682816004,0.4339582337618406,100,3,1.48237911634993,4.89863178039592,2.925221787792454,2.47975171242776,2.3175056553058813,3.4162526640459903,100,3
080.0 070.0,10,2020,822.67,8.06092076945417,8.06092076945417,8.06092076945417,8.06092076945417,NA,0,3,3,4.22602147253193,4.22602147253193,4.22602147253193,4.22602147253193,NA,0,3,3
080.0 070.0,11,2014,2172.55,7.6689247334568,8.06315672850647,7.921880884337225,8.03063215268923,0.03371022265633127,0.39423199504967066,169,34,1.35849386973916,3.88550824078302,2.782156728210416,3.07903787305669,1.3661189310380284,2.52701437104386,169,2
080.0 070.0,11,2015,7859.74,7.66645633950353,8.06698488353087,7.929222221924314,7.99392668094711,0.028845745997142333,0.4005285440273392,170,30,1.36329567965417,4.09093924221998,2.9164674544850877,2.96349075042646,1.4527547676241896,2.7276435625658095,170,30
080.0 070.0,11,2016,11114.8,7.74085618269844,8.06770764083572,7.978067820125756,8.01794447096201,0.01838082102689393,0.3268514581372788,170,2,1.54313591993136,3.89791338263483,3.06858084941805,3.12026668627845,0.9016004386411861,2.35477746270347,170,2
080.0 070.0,11,2017,1546.64,7.71878004279367,7.82581704377459,7.77229854328413,7.77229854328413,0.005728459789494765,0.10703700098092028,171,101,1.4759097604406,1.94597096836857,1.710940364404585,1.710940364404585,0.11047876959935113,0.47006120792797,171,101
080.0 070.0,11,2019,4313.31,8.06956082803036,8.06956082803036,8.06956082803036,8.06956082803036,NA,0,2,2,3.70301897943029,3.70301897943029,3.70301897943029,3.70301897943029,NA,0,2,2
080.0 080.0,1,2010,1146.05,8.08141925193376,8.08141925193376,8.08141925193376,8.08141925193376,NA,0,2,2,3.59821232948534,3.59821232948534,3.59821232948534,3.59821232948534,NA,0,2,2
080.0 080.0,1,2011,397.74,7.75704685243577,8.07800695881979,7.949463778118167,8.01333752309894,0.02881373894591205,0.32096010638402017,99,3,1.61808270861609,3.59961990676893,2.7371509157999,2.99375013201468,1.0310047852373811,1.9815371981528398,99,3
080.0 080.0,1,2013,265.2,7.73687428010909,8.07715068917988,7.979728307161732,8.07141538293512,0.022456245483570003,0.3402764090707908,170,2,1.52688659807232,3.70950852107821,3.036051096260465,3.6560923441148496,1.0037923141980125,2.1826219230058896,170,2
080.0 080.0,1,2015,639.13,7.71757834603257,8.07088721770016,7.972289734792193,8.053714094203805,0.021624224578267015,0.35330887166758895,170,30,1.48169403498771,3.80659815942322,3.025331496673615,3.53447211089961,0.9819376098846933,2.32490412443551,170,2
080.0 080.0,1,2016,1796.36,7.78015972570423,8.06578799019925,7.9860356753361605,8.06178785531618,0.015401888264980367,0.28562826449502055,170,49,1.67511568824677,3.74944872486444,3.101582872575262,3.73324417674925,0.8772555890859497,2.07433303661767,170,40
080.0 080.0,1,2017,807.67,7.80615290508362,8.07886224438787,7.9993199697635085,8.06428224560663,0.012820327097722498,0.27270933930425123,170,2,1.75554207558205,3.73733901064131,3.0950337231818867,3.56147533492645,0.6939191327724253,1.98179693505926,170,2
080.0 080.0,1,2021,1923.37,7.8049862096383,8.02911686961171,7.9400731472760935,7.98611636257827,0.014148621441551077,0.22413065997341075,100,25,1.79930602747471,3.13860971053484,2.5809681642761633,2.80498875481894,0.4860725076049581,1.3393036830601301,100,25
080.0 080.0,2,2012,0,7.67835433609387,8.06807001448178,7.964476236630992,8.0619444638183,0.027100061277685085,0.3897156783879101,171,27,1.35763773601726,3.41680818834497,2.82380592834886,3.36685840020563,0.818884120534582,2.05917045232771,171,3
080.0 080.0,2,2018,1901.64,7.71975658739021,8.06428787214651,7.94555007794564,8.015326228211185,0.022120267763844577,0.34453128475630024,170,2,1.47728800303363,3.71612382266194,2.816195247748805,3.17314498124176,0.8995814506057064,2.23883581962831,170,2
080.0 080.0,2,2019,3017.17,8.02937024195294,8.06079848785408,8.0420274904716,8.03591374160778,2.749671039830444e-4,0.03142824590114124,100,2,3.28799533800989,3.69491432511414,3.4945464991514865,3.50072983433043,0.041424440741938566,0.40691898710425,100,2
080.0 080.0,4,2011,423.58,7.73792783740427,8.08303002096339,7.953980322614187,7.997481716044545,0.02521946962130213,0.3451021835591197,171,51,1.53550290661471,3.58911881291866,2.773316699569985,2.9843225393732853,0.971085157982268,2.05361590630395,171,2
080.0 080.0,4,2013,1387.83,7.7676972576537,8.06570368278974,7.97589943370171,8.06348842749049,0.01762173641441607,0.29800642513604014,171,2,1.62484438491151,3.53338944440245,2.904551710143386,3.50061963186365,0.768848507792729,1.90854505949094,171,2
080.0 080.0,4,2014,954.55,7.69782924781801,8.07165332406989,7.96524945519854,8.0537054909247,0.02523538184480432,0.3738240762518803,170,2,1.39569317030705,3.72516901983695,2.996736206098933,3.52620025453785,0.9812212768134208,2.3294758495299,170,2
080.0 080.0,4,2015,2040,7.72645939078081,8.08102082092154,7.982085702566638,8.05788370534362,0.02018690216923956,0.3545614301407296,170,50,1.48109826098744,3.68990698855621,3.0841942218142444,3.65875359411871,0.9178945469849878,2.20880872756877,170,10
080.0 080.0,4,2017,1778.28,7.73963305708819,8.05492779239906,7.9645408799551465,8.03851273151312,0.013506603806822984,0.3152947353108697,170.6,50.5,1.53961631075727,3.50362388238492,2.8952383163001585,3.44402066433095,0.61245751030581,1.96400757162765,170.6,25.7
080.0 080.0,4,2018,1792.48,7.92723220354262,8.08525061987256,8.039645712357213,8.073050013006835,0.005664466752953439,0.15801841632994051,100,40,2.42228634831862,3.8127346917307,3.4308925486849473,3.744274577345235,0.45354406604416714,1.3904483434120802,100,40
080.0 080.0,4,2019,2286.53,7.94107637734852,8.05861144876657,8.02238519117034,8.044926469283135,0.002985841822026295,0.11753507141804942,100.3,25.1,2.57993029316823,3.68444889998353,3.3598288568595702,3.58746811714326,0.2724200500508583,1.1045186068153,100.3,25.1
080.0 080.0,5,2021,2142.37,8.14816537325608,8.14816537325608,8.14816537325608,8.14816537325608,NA,0,3,3,3.67477119153556,3.67477119153556,3.67477119153556,3.67477119153556,NA,0,3,3
080.0 080.0,6,2018,1174.83,7.92597174668008,8.04487450357663,8.01428452155523,8.043145917982105,0.003468628242418446,0.11890275689654928,100,2,2.45606091654116,3.61916320408688,3.301042874215388,3.564473688116755,0.31834565920936336,1.16310228754572,100,2
080.0 080.0,7,2009,4940.87,8.06750373331633,8.06750373331633,8.06750373331633,8.06750373331633,NA,0,2,2,3.87573620188141,3.87573620188141,3.87573620188141,3.87573620188141,NA,0,2,2
080.0 080.0,7,2012,1570.93,7.79928466631632,8.06054499236293,7.961548385864206,7.99970950194214,0.013203738902964293,0.2612603260466102,172,19,1.70990268810723,3.68826287404351,2.80225200434084,2.83224553295306,0.7783388641594542,1.97836018593628,172,3
080.0 080.0,7,2013,439.77,7.63813319544842,8.05495273590994,7.946328157395092,8.034901162860386,0.028264594783834012,0.41681954046151937,170,30,1.24284269893508,3.75435811309857,2.9068115077605086,3.36555053540265,1.0358166690982562,2.51151541416349,170,2
080.0 080.0,7,2014,3277.6,7.73921518879003,8.0519439806316,7.9883655668575,8.03059219884124,0.012315095319870543,0.3127287918415709,170,93,1.55092288325045,3.7587092487046,3.2450761982231473,3.71108247152544,0.6678695916197812,2.20778636545415,170,2
080.0 080.0,7,2015,1188.57,7.76040191402643,8.06249451824023,7.985187433925199,8.032225620123075,0.013686250099936315,0.3020926042137999,170,49,1.60448437111748,3.8823242248559,3.230084824585215,3.7320268800282,0.859410363789342,2.2778398537384197,170,31
080.0 080.0,7,2019,0,7.91231334276574,8.02207075625166,7.989999982839695,8.01280791617069,0.002708747539918999,0.10975741348591939,100,40,2.35990726165609,3.60404349717732,3.2757517174660498,3.569528055515395,0.37329367542744873,1.2441362355212302,100,2
080.0 080.0,7,2020,6769.7,7.77484518250686,8.0399382995486,7.947592623886527,8.02799438960412,0.022416923123606415,0.2650931170417401,101,2,1.70686125609165,3.60593961824993,2.82792616607105,3.17097762387157,0.9898878834287403,1.89907836215828,101,2
080.0 080.0,8,2011,1963.64,7.73916767563994,8.05530834920857,7.955815184193848,8.05023474153612,0.020219995650515004,0.31614067356863007,169,29,1.51281128372008,3.82051385291731,2.928450328695984,3.42030666005168,1.0843037100821182,2.30770256919723,169,2
080.0 080.0,8,2017,6162.24,7.71532028765529,8.06698465934157,7.947176208715245,8.035090914653235,0.023575242954781698,0.3516643716862795,170,50,1.46624015656372,3.70217720746002,2.9916457000273535,3.630271848897795,1.1061943548331832,2.2359370508963003,170,2
080.0 080.0,10,2011,364.73,7.72638795335605,8.06917277172282,7.9741252557377935,8.044677283672254,0.01816419920299702,0.34278481836677077,171,30,1.49263914772481,3.919944264875,3.1607920608741984,3.68724158201118,1.0629448531507102,2.4273051171501896,171,2
080.0 080.0,10,2020,1384.3,7.93315561954649,8.03971762500338,8.00082908962562,8.02961402432699,0.0034602946010702006,0.10656200545689032,101,2,2.38042014192832,3.85648486141565,3.09376695261003,3.04439585448612,0.5465198930262729,1.4760647194873298,101,2
080.0 080.0,11,2009,11755.76,8.07702387786602,8.07702387786602,8.07702387786602,8.07702387786602,NA,0,2,2,3.86871182075896,3.86871182075896,3.86871182075896,3.86871182075896,NA,0,2,2
080.0 080.0,11,2014,3270.56,7.7715843799677,8.05784433028408,7.969855770609685,8.052334109359801,0.01733029235329523,0.2862599503163805,169,40,1.62340346277977,4.06872507250739,3.2082819642483784,3.800766011161115,1.3042478848122792,2.4453216097276202,169,2
080.0 080.0,11,2015,997.5,7.74471067425192,8.06068514404885,7.964109205744145,8.051371187253604,0.020414106924100107,0.3159744697969309,170,40,1.55585636638583,4.07812570057566,3.1735444398337584,3.7477230346888497,1.3546436592536906,2.5222693341898297,170,40
080.0 080.0,11,2016,4199.5,7.73742924907611,8.06557869718684,7.958913542164284,8.05263239430693,0.0210120346174009,0.32814944811073055,170,2,1.51273710688469,3.87489490042922,3.020632347779584,3.75228454801656,1.2081683396797427,2.36215779354453,170,2
080.0 080.0,11,2017,680.81,7.84932728156579,8.06628736300482,8.007641069727576,8.039169280291766,0.006663527492427958,0.21696008143903,170,51,1.96691017337416,3.85491226316026,3.278217230154443,3.61412753201098,0.5334000500359213,1.8880020897860998,170,2
080.0 080.0,11,2019,7990.62,7.70450959663355,8.07737334064358,7.919578154069676,7.9482148395007854,0.029043979858273176,0.3728637440100302,100,3,1.47574889150319,3.892796677274,2.75517140228541,2.8260700201822253,1.2071386267592474,2.4170477857708104,100,3
080.0 090.0,1,2016,1223.18,7.78461631530404,8.05460278483137,7.9732766677523905,8.00228801948862,0.012099087410011818,0.2699864695273302,170,25,1.69213655567924,3.68020541280476,3.027315412774798,3.15349905883826,0.657506715515225,1.98806885712552,170,25
080.0 090.0,1,2017,803.85,7.814702653458,8.08324500140036,8.002722630035443,8.06561508274411,0.012561377257947984,0.2685423479423603,170,51,1.80111724534044,3.78728433498632,3.129437272404686,3.59424972607352,0.7236223607980173,1.98616708964588,170,2
080.0 090.0,1,2021,701.17,8.05036247914976,8.05036247914976,8.05036247914976,8.05036247914976,NA,0,3,3,3.47114380526068,3.47114380526068,3.47114380526068,3.47114380526068,NA,0,3,3
080.0 090.0,2,2019,529.98,8.06433291519489,8.06433291519489,8.06433291519489,8.06433291519489,NA,0,2,2,3.69233158079603,3.69233158079603,3.69233158079603,3.69233158079603,NA,0,2,2
080.0 090.0,4,2014,312.91,7.73023846997378,8.06535913672342,7.954380287451816,8.05440925490193,0.023503108109384985,0.33512066674963936,170,2,1.48808796898881,3.69400272772843,2.872828367647202,3.47717424088746,1.0721968530619275,2.2059147587396204,170,2
080.0 090.0,4,2015,107.85,7.76646045781769,8.06496471048673,7.9794584741778785,8.05400113395112,0.016160664754985562,0.2985042526690407,171,50,1.61947790096366,3.7019105291154,3.035667946173462,3.65420008009749,0.8634588122067766,2.0824326281517402,171,50
080.0 090.0,4,2017,4487.02,7.81564695396192,8.04835810578014,7.993249595019207,8.02190366910258,0.00794579831722054,0.23271115181822033,169.9,33.8,1.81624257952631,3.48844822219888,3.02098357611951,3.191796783410095,0.40553882250294215,1.6722056426725702,169.9,2.1
080.0 090.0,4,2018,2085.95,8.08062453686565,8.09085915072756,8.085741843796605,8.085741843796605,5.2373660451193824e-5,0.01023461386190938,25,2,3.80929745519014,3.91089701953979,3.860097237364965,3.860097237364965,0.005161235738019325,0.1015995643496499,25,2
080.0 090.0,4,2019,2788.62,8.06534040868395,8.06534040868395,8.06534040868395,8.06534040868395,NA,0,1.9,1.9,3.74739786072792,3.74739786072792,3.74739786072792,3.74739786072792,NA,0,1.9,1.9
080.0 090.0,5,2021,749.37,8.15368017693006,8.15368017693006,8.15368017693006,8.15368017693006,NA,0,3,3,3.73464448130286,3.73464448130286,3.73464448130286,3.73464448130286,NA,0,3,3
080.0 090.0,6,2018,610.12,8.03130356166797,8.03130356166797,8.03130356166797,8.03130356166797,NA,0,3,3,3.58140929834557,3.58140929834557,3.58140929834557,3.58140929834557,NA,0,3,3
080.0 090.0,7,2014,2481.82,7.78790971265349,8.06808688899491,7.983119778116532,8.0229248020791,0.012486080228894494,0.2801771763414207,169,50,1.70339317713557,3.77275238342351,3.149782383848866,3.69401311265076,0.8149687509858186,2.06935920628794,169,2
080.0 090.0,7,2015,2100,7.77369842248275,8.06176484547434,7.951493545407527,7.98525545683651,0.015857853497256904,0.2880664229915899,170,50,1.64866090467531,3.82093506867039,2.9356482928287724,3.136498598984695,1.057835641475375,2.1722741639950796,170,2
080.0 090.0,7,2019,1439.74,8.01875035953782,8.01875035953782,8.01875035953782,8.01875035953782,NA,0,2,2,3.76193894804221,3.76193894804221,3.76193894804221,3.76193894804221,NA,0,2,2
080.0 090.0,7,2020,108.79,8.00741874810238,8.00741874810238,8.00741874810238,8.00741874810238,NA,0,2,2,3.59773687785431,3.59773687785431,3.59773687785431,3.59773687785431,NA,0,2,2
080.0 090.0,8,2017,2538.4,7.92661116589231,8.0578910927012,8.00252415038077,8.00972706894101,0.0022447230062540746,0.13127992680888934,165,97,2.33603315186103,3.70942518522232,3.385891566215644,3.66578405818088,0.3495893998566283,1.3733920333612901,165,32
080.0 090.0,10,2020,1081.54,8.03945828637046,8.03945828637046,8.03945828637046,8.03945828637046,NA,0,3,3,3.85412015726379,3.85412015726379,3.85412015726379,3.85412015726379,NA,0,3,3
080.0 090.0,11,2014,1531.25,7.70525802405611,8.06590956162561,7.941958727912906,8.05899271641665,0.0283841969088508,0.36065153756949986,170,25,1.43995234420082,4.12849221552446,3.126305117207932,4.06036575863353,1.7819386135284438,2.6885398713236404,170,25
080.0 090.0,11,2015,1076.92,7.76805987853139,8.09089984328853,7.986366211839236,8.05861146204449,0.017930047349638226,0.32283996475714094,170,37,1.62339678209139,4.06090714118036,3.117279185292038,3.49841272262552,1.0976770044170625,2.43751035908897,170,3
080.0 090.0,11,2016,3305.05,7.774305133494,8.04078936043314,7.94966736764599,7.991787488328409,0.015773086965957757,0.26648422693913965,171,3,1.65072463074684,3.74782079806604,2.90963773495036,3.12000275549428,1.0431998522274888,2.0970961673192,171,3
080.0 090.0,11,2017,1658.44,7.68398193087597,8.07048262198472,7.91640485091358,7.98529681810929,0.025970046628885246,0.38650069110874963,170,2,1.37101585156306,3.96971102639979,2.676769998783106,2.83381725144933,1.1183714540432175,2.59869517483673,170,2
080.0 090.0,11,2019,675.17,8.03588130309098,8.03588130309098,8.03588130309098,8.03588130309098,NA,0,3,3,3.88447907431843,3.88447907431843,3.88447907431843,3.88447907431843,NA,0,3,3
080.0 100.0,1,2015,190.91,7.74745177400746,8.06840732335451,7.9677712061135795,8.06207026775271,0.020535800499793398,0.3209555493470502,170,53,1.56491661650078,3.89718632437903,3.062154148071872,3.79244485179343,1.1884769686821433,2.33226970787825,170,2
080.0 100.0,1,2016,575.91,7.89564311003874,8.06712227924992,8.023469487564434,8.05464877128331,0.005185613408557734,0.17147916921118078,171,25,2.14684602155153,3.86119559169564,3.381501896249146,3.75022687961897,0.5145173936707819,1.71434957014411,171,25
080.0 100.0,1,2017,1493.42,7.72241397772356,8.06116908763713,7.943350303201144,8.05513259443856,0.025698133135245955,0.33875510991356883,170,2,1.48915948359032,3.68132510300259,2.863982331508328,3.59624693258873,1.1428288290809423,2.19216561941227,170,2
080.0 100.0,2,2019,1168.98,8.05426723845349,8.06520093698167,8.05973408771758,8.05973408771758,5.9772881752570545e-5,0.010933698528180713,31,2,3.50195946674698,3.59217433860802,3.5470669026775,3.5470669026775,0.004069361552451917,0.09021487186103982,31,2
080.0 100.0,4,2014,1860.61,7.76757892088947,8.06748052423149,7.976073146957662,8.0661248447626,0.018062786862032422,0.2999016033420201,170,2,1.63240303944462,3.72820885621611,3.013941954772468,3.69743692109735,0.9713376728300952,2.09580581677149,170,2
080.0 100.0,4,2015,502.17,7.78758477327798,8.0629888700753,7.984386558372488,8.043486295068334,0.017444961629148038,0.2754040967973195,170,49,1.69963885005932,3.72900132097585,3.0660295020030626,3.41773891848854,0.8834649682484258,2.02936247091653,170,3
080.0 100.0,4,2016,2550.12,7.72995776011098,8.06379368233646,7.959223514049662,8.05444980446069,0.02181269419982594,0.33383592222547964,170,50,1.51012647601355,3.69096362999167,2.946505053883256,3.59054295696177,0.99180343917884,2.18083715397812,170,2
080.0 100.0,4,2017,1714.75,7.85178635032405,8.08157647876449,8.019538838705103,8.05211491707694,0.008939616931502192,0.2297901284404391,170,49.9,1.98401830154757,3.82540579242784,3.3115673793846883,3.6296064235921,0.5742230432236398,1.84138749088027,170,49.9
080.0 100.0,4,2018,765.53,8.0675227392746,8.0675227392746,8.0675227392746,8.0675227392746,NA,0,3,3,3.65239724403437,3.65239724403437,3.65239724403437,3.65239724403437,NA,0,3,3
080.0 100.0,6,2018,779.67,8.03412954431982,8.03773413671206,8.03593184051594,8.03593184051594,6.496543157101575e-6,0.0036045923922412015,3,31,3.59761866019832,3.61145542921892,3.60453704470862,3.60453704470862,9.572808846471246e-5,0.013836769020599604,3,31
080.0 100.0,7,2014,2600.89,7.79775747033397,8.0366864675617,7.982837441985236,8.02937629368518,0.010751174251068687,0.2389289972277293,170,50,1.74542909359947,3.79739357010279,3.227722369225948,3.7191032825445,0.7705227616726728,2.05196447650332,170,2
080.0 100.0,7,2015,1718.18,7.79149405556993,8.05663892442834,7.971097445375148,8.00565251420354,0.010923970509527496,0.2651448688584095,170,50,1.71284140494526,3.9769798137819,3.205587717219068,3.81217004589532,0.9739500765998161,2.26413840883664,170,50
080.0 100.0,7,2019,458.73,8.00850162432719,8.0102571267247,8.009379375525945,8.009379375525945,1.5408943338308805e-6,0.0017555023975095452,3,24,3.75239865397307,3.75387061133576,3.753134632654415,3.753134632654415,1.083329238788669e-6,0.0014719573626900129,3,24
080.0 100.0,7,2020,1261.17,8.01797331586355,8.02584335171611,8.021908333789831,8.021908333789831,3.0968732160293994e-5,0.00787003585256052,26,2,3.74915689746728,3.78940498941024,3.76928094343876,3.76928094343876,8.099544525244798e-4,0.040248091942959974,26,2
080.0 100.0,8,2017,2865.12,7.82770422471268,8.04450233974273,7.982719220958168,8.01486477952513,0.007688048059487485,0.2167981150300493,170,50,1.88329283114593,3.76651316932732,3.25080419201709,3.73224727540528,0.657068190666887,1.88322033818139,170,25
080.0 100.0,10,2020,2125.8,8.01267368407822,8.02497741294095,8.018825548509586,8.018825548509586,7.569087196380281e-5,0.012303728862731234,25,2,3.82180703409997,3.93239746228538,3.877102248192675,3.877102248192675,0.006115121403116161,0.11059042818540998,25,2
080.0 100.0,11,2014,1768.12,7.79949676773401,8.04782907640967,7.988348598134368,8.03138059848169,0.01119738375562045,0.2483323086756597,170,100,1.74948921592852,4.05033106479919,3.423348946689664,4.01011634395627,0.9875420829565701,2.30084184887067,170,25
080.0 100.0,11,2015,1600.95,8.05915137041565,8.12744659205934,8.085644243184666,8.06066477770381,0.0012411046263617414,0.06829522164368917,0,170,3.66279901402584,4.02374529737714,3.879332526665308,3.8751894072403,0.02176436270537096,0.3609462833512995,170,0
080.0 100.0,11,2016,3134.39,7.80295725593907,8.04730064288034,7.984327504908676,8.04030908803628,0.010894014265811854,0.24434338694127078,170,35,1.76472399110901,3.81523350799001,3.160193121878144,3.57165325404082,0.7696617842267608,2.050509516881,170,3
080.0 100.0,11,2017,263.96,7.87854070597872,8.04723060056699,8.006242296250521,8.03524944341164,0.005124202627666026,0.16868989458827066,170,100,2.09862054316539,3.91231539636558,3.39690607777617,3.75740713339969,0.5865926878611644,1.81369485320019,170,26
090.0 028.0,1,2017,0,8.03975570220005,8.09456824208854,8.067161972144294,8.067161972144294,0.001502207264513629,0.05481253988848955,30,1,3.48801630846048,3.93616831554464,3.71209231200256,3.71209231200256,0.10042011072678061,0.44815200708416025,30,1
090.0 028.0,1,2021,8359.29,8.08365796794991,8.08365796794991,8.08365796794991,8.08365796794991,NA,0,4,4,3.9110112363243,3.9110112363243,3.9110112363243,3.9110112363243,NA,0,4,4
090.0 028.0,2,2014,1215,8.02391929665792,8.07208073038172,8.04800001351982,8.04800001351982,0.0011597618491659203,0.04816143372379855,30,2,3.31778454046363,3.82234730782613,3.57006592414488,3.57006592414488,0.12729179310425223,0.5045627673625002,30,2
090.0 028.0,2,2019,2697.93,8.05639868149336,8.05639868149336,8.05639868149336,8.05639868149336,NA,0,2,2,3.76370145776693,3.76370145776693,3.76370145776693,3.76370145776693,NA,0,2,2
090.0 028.0,4,2016,2500,7.77419743921132,8.08289502813132,7.9285462336713195,7.9285462336713195,0.047647100702510756,0.3086975889200003,31,1,1.88097305004164,4.07003738841524,2.97550521922844,2.97550521922844,2.3960013387695227,2.1890643383735995,31,1
090.0 028.0,4,2018,929.26,8.08030080248768,8.08030080248768,8.08030080248768,8.08030080248768,NA,0,1,1,4.08761747922535,4.08761747922535,4.08761747922535,4.08761747922535,NA,0,1,1
090.0 028.0,4,2019,1891.1,8.08876038211301,8.08876038211301,8.08876038211301,8.08876038211301,NA,0,1.7,1.7,4.19288223368136,4.19288223368136,4.19288223368136,4.19288223368136,NA,0,1.7,1.7
090.0 028.0,6,2018,1423.78,8.0319603100825,8.0319603100825,8.0319603100825,8.0319603100825,NA,0,2,2,4.03099986035606,4.03099986035606,4.03099986035606,4.03099986035606,NA,0,2,2
090.0 028.0,7,2019,0,8.05652840827832,8.05652840827832,8.05652840827832,8.05652840827832,NA,0,1,1,4.38063334274697,4.38063334274697,4.38063334274697,4.38063334274697,NA,0,1,1
090.0 028.0,7,2020,0,8.07683221956795,8.07683221956795,8.07683221956795,8.07683221956795,NA,0,2,2,4.33798104927701,4.33798104927701,4.33798104927701,4.33798104927701,NA,0,2,2
090.0 028.0,8,2017,1088.03,8.10973528004934,8.10973528004934,8.10973528004934,8.10973528004934,NA,0,2,2,5.14888015169009,5.14888015169009,5.14888015169009,5.14888015169009,NA,0,2,2
090.0 028.0,10,2020,1067.24,8.03915151134651,8.03915151134651,8.03915151134651,8.03915151134651,NA,0,2,2,4.47857622675606,4.47857622675606,4.47857622675606,4.47857622675606,NA,0,2,2
090.0 028.0,11,2014,2204.55,8.02916816653677,8.02916816653677,8.02916816653677,8.02916816653677,NA,0,30,30,3.7969121628419,3.7969121628419,3.7969121628419,3.7969121628419,NA,0,30,30
090.0 028.0,11,2016,1690.68,8.03028481035188,8.05723075698293,8.043757783667406,8.043757783667406,3.630420199217091e-4,0.026945946631050433,30,2,3.38355914782944,4.19131718341397,3.7874381656217047,3.7874381656217047,0.32623652202568953,0.8077580355845302,30,2
090.0 028.0,11,2017,3695.86,7.87455750890645,8.07388406646444,7.974220787685445,7.974220787685445,0.01986553827395955,0.199326557557991,32,2,2.34480745183285,4.1710094297419,3.257908440787375,3.257908440787375,1.6675068320594622,1.8262019779090495,32,2
090.0 028.0,11,2019,2538.44,8.10181226211726,8.10181226211726,8.10181226211726,8.10181226211726,NA,0,2,2,4.48276465182629,4.48276465182629,4.48276465182629,4.48276465182629,NA,0,2,2
090.0 030.0,1,2010,1358.45,7.74237777088368,8.08065191249679,7.975119747724652,8.06490187015464,0.022096248516682546,0.33827414161311076,171,2,1.60725125255036,3.92524617625676,3.104366962995666,3.74585133505488,1.1345374305848135,2.3179949237064,171,2
090.0 030.0,1,2011,3319.57,7.69684810578656,8.09792681534487,7.899521478388298,7.88348678657745,0.03095699371294871,0.40107870955830993,170,2,1.4110008921342,3.91052436215557,2.559190211182032,2.26436584253601,1.2479876070054425,2.49952347002137,170,2
090.0 030.0,1,2013,2466,7.66115442870592,8.08613162287935,7.90784156327809,7.99272286023847,0.04012261839539992,0.4249771941734295,170,30,1.35654396670593,3.6659020347946,2.62297216131118,2.91954067949126,1.20755040676686,2.3093580680886703,170,30
090.0 030.0,1,2015,349.76,7.70074292721551,8.06888854627377,7.949251048185506,8.03302468191797,0.025450017627177864,0.3681456190582608,170,30,1.4571036137139,3.96613656440766,2.990522963226652,3.41568521392535,1.2504829175240222,2.5090329506937596,170,2
090.0 030.0,1,2017,2330.3,7.72218122831877,8.06923683579572,7.92522771628785,7.96930628352078,0.022639030171427023,0.34705560747695063,170,2,1.51428467645263,3.79472996819633,2.748681157226446,2.91854636708736,1.0156527657253245,2.2804452917436997,170,2
090.0 030.0,1,2021,812.87,8.074451494499,8.074451494499,8.074451494499,8.074451494499,NA,0,4,4,3.9014464437801,3.9014464437801,3.9014464437801,3.9014464437801,NA,0,4,4
090.0 030.0,2,2012,1166.27,7.67091833544591,8.07705743011289,7.8825546504992055,7.88282928584746,0.03425608716761834,0.4061390946669796,170,2,1.37646677106222,3.75186273668306,2.516948081221114,2.3226570342308,1.1919500084365486,2.37539596562084,170,2
090.0 030.0,2,2014,10357.65,7.67688674709107,8.0793683193353,7.931510191733905,8.01174735912392,0.032251130709763334,0.40248157224422965,170,2,1.40276693225916,3.88396322217973,2.84943296520638,3.18265663027007,1.2954936247720354,2.48119628992057,170,2
090.0 030.0,2,2019,754.87,8.06057124870314,8.06687966461185,8.063725456657494,8.063725456657494,1.9898055638637657e-5,0.006308415908710785,30,2,3.76172308013038,3.8002927406821,3.78100791040624,3.78100791040624,7.438093575374469e-4,0.03856966055171984,30,2
090.0 030.0,4,2011,5628.37,7.65190747157808,8.09197130161133,7.82646224835709,7.78600074610599,0.029595613272427133,0.44006383003325045,171,2,1.30981292422739,4.03008343858585,2.2024656336424537,1.82229074255218,1.1918207948663158,2.72027051435846,171,2
090.0 030.0,4,2013,1100,7.64509470103228,8.07827749213875,7.799022878270447,7.75938771276037,0.028926466371208735,0.4331827911064696,170,2,1.2816903089102,3.75186125558026,2.043895952629968,1.72600787517312,0.9891199301005174,2.47017094667006,170,2
090.0 030.0,4,2014,3519,7.65071117230923,8.07054172800534,7.85015184462098,7.86272466252257,0.026957241547092822,0.4198305556961097,170,2,1.30484175265653,3.87417828994487,2.311520533461524,2.17798290516427,1.0163782282152156,2.56933653728834,170,2
090.0 030.0,4,2015,5345.45,7.67687862107121,8.07386622122021,7.879185424761986,7.89391086651094,0.02571804676860633,0.3969876001490009,170,2,1.36576044616239,3.91858219145344,2.438757313216804,2.27107956026862,1.0518662002966908,2.55282174529105,170,2
090.0 030.0,4,2016,3518.92,7.62564141839494,8.08549490643113,7.781356075102728,7.73276635960345,0.0340013001355851,0.45985348803619,171,2,1.26204439096259,4.09929151478829,2.083456633355624,1.66745916047955,1.3541956274492852,2.8372471238257004,171,2
090.0 030.0,4,2017,1863.99,7.7202972918248,8.10083701331394,7.87913917520121,7.85804500851237,0.023754022375402976,0.38053972148914017,170.4,2,1.51892811219881,4.09012538142685,2.450537330624436,2.14583859283473,1.0915687414310389,2.5711972692280396,170.4,2
090.0 030.0,4,2018,6286.43,8.03465882695301,8.06275412915123,8.04870647805212,8.04870647805212,3.9467300280467105e-4,0.02809530219822065,30,2,3.38165610405352,3.95882266646058,3.67023938525705,3.67023938525705,0.1665606203803914,0.5771665624070601,30,2
090.0 030.0,4,2019,3909.59,7.99584410935308,8.07197522146883,8.033909665410954,8.033909665410954,0.0028979731159903613,0.07613111211574886,30.2,1.8,3.06358381086639,3.98579335819398,3.524688584530185,3.524688584530185,0.4252352245910792,0.92220954732759,30.2,1.8
090.0 030.0,6,2018,3324.85,8.02389964794887,8.09671019221254,8.060304920080705,8.060304920080705,0.0026506876779860016,0.07281054426367106,3,31,3.81890827706218,4.03252300450989,3.9257156407860347,3.9257156407860347,0.022815625891279674,0.21361472744770982,31,3
090.0 030.0,7,2012,2009.95,7.68184509827583,8.07044053396754,7.891365284069984,7.88951265635688,0.02892982897991457,0.38859543569170985,169,30,1.39044174780988,4.10056966265096,2.620472494668514,2.30206156128358,1.4040536170206002,2.71012791484108,169,2
090.0 030.0,7,2013,6304.02,7.63622408470392,8.02351760043667,7.86828755914046,7.9363782389175,0.029949973321396414,0.3872935157327495,170,2,1.29127934234027,4.08441192270734,2.530603701670126,2.54183753714912,1.2933947783975395,2.79313258036707,170,2
090.0 030.0,7,2014,5002.37,7.68666379940174,8.06548468406313,7.896839466359002,7.91760469098557,0.0328932057993783,0.37882088466138963,170,33,1.4558697308085,4.3550530546233,2.8403774797413925,2.775293566766885,1.96913939280151,2.8991833238148006,170,2
090.0 030.0,7,2015,4800,7.68762983322156,8.08185003074399,7.89117295504192,7.8880462167838,0.02886451029239099,0.3942201975224302,170,30,1.45302092457574,4.30538693341886,2.667361873737568,2.28413272591,1.5146008250776757,2.85236600884312,170,2
090.0 030.0,7,2016,9383.91,7.75063404115287,8.091331499924,7.877427865595782,7.87160801447532,0.019349788058674197,0.3406974587711291,170,1,1.60911540523955,5.11498276327223,2.634685059148608,2.23977383540523,2.074889310092887,3.50586735803268,170,1
090.0 030.0,7,2019,40.83,7.98807782340587,7.98807782340587,7.98807782340587,7.98807782340587,NA,0,29,29,3.02356152465273,3.02356152465273,3.02356152465273,3.02356152465273,NA,0,29,29
090.0 030.0,7,2020,2245.8,7.95195380777458,8.11927004556895,8.035611926671764,8.035611926671764,0.013997361714831008,0.16731623779436955,32,2,2.79457305228409,4.92759065931958,3.861081855801835,3.861081855801835,2.274882055961703,2.1330176070354896,32,2
090.0 030.0,8,2011,1298.58,7.69468360265663,8.0817342916685,7.908628214673234,7.93077783493059,0.03091665635180764,0.3870506890118701,169,2,1.42838894128858,4.28431534560563,2.731718316483324,2.57020692899279,1.5243867836787062,2.85592640431705,169,2
090.0 030.0,8,2017,624.81,7.71031234804517,8.07767424158126,7.914262182991032,7.9837670532917,0.029543057208429393,0.3673618935360903,170,3,1.51368976157073,4.61934076719261,2.880642014028842,2.96523876536704,1.7256315282687529,3.10565100562188,170,3
090.0 030.0,10,2011,6495.37,7.69228144308864,8.07625665960945,7.8934346684164005,7.902600285483755,0.03623082417786499,0.38397521652081057,170,2,1.43387316820823,4.19041793282956,2.70464270369739,2.5971398568758852,1.7913732166385075,2.7565447646213306,170,2
090.0 030.0,10,2012,4388.46,7.70876746230013,8.05280976662553,7.914736499522466,7.97267893826348,0.02367979200624408,0.3440423043253995,169,29,1.48231211941991,4.20108256228406,2.829122552088856,2.88430397128778,1.3454524275173176,2.71877044286415,169,2
090.0 030.0,10,2020,5.56,7.96298762727142,7.96298762727142,7.96298762727142,7.96298762727142,NA,0,35,35,2.96014622678196,2.96014622678196,2.96014622678196,2.96014622678196,NA,0,35,35
090.0 030.0,11,2009,11328.95,7.70253091593209,8.07506498221981,7.92968969585654,7.98117534010413,0.02715308032197762,0.372534066287721,171,20,1.4813091095225,4.17982049981025,2.904625812335408,2.88380357854989,1.4566925217940385,2.6985113902877504,171,1
090.0 030.0,11,2013,7875,7.67528697663011,8.06870666830721,7.93112777829336,7.96786085018477,0.026598464158819668,0.39341969167709934,170,12,1.40670831172725,4.03055246161939,2.927829176218274,2.86423355819756,1.2776529496875866,2.6238441498921397,170,12
090.0 030.0,11,2014,1054.77,7.73111003685508,8.04505690752438,7.9439158099667315,8.02062824246869,0.018834398676918367,0.3139468706692998,170,50,1.56138446518129,4.19429087585978,3.044886936831356,3.50868396410516,1.2422123961484166,2.6329064106784896,170,2
090.0 030.0,11,2015,538.12,7.73085738768314,8.11810040959894,7.955133385803842,8.02291481052263,0.022910360251587908,0.3872430219157996,170,25,1.6297091875823,4.73000930757843,3.328527569625294,3.6180780601613,1.707621809388108,3.10030011999613,170,25
090.0 030.0,11,2016,5096.1,7.71310678882402,8.08514138914306,7.951164835628111,8.00185128413848,0.021546298085688222,0.3720346003190391,170,2,1.47310207140111,4.48894343658309,3.105191459106635,3.2737390407184,1.4617737883454125,3.0158413651819798,170,2
090.0 030.0,11,2017,476.87,7.70400437895881,7.93336365975752,7.8072139102722,7.78427369210027,0.013546110129457098,0.22935928079870926,170,31,1.48204583765836,2.67831165434927,1.98284250259049,1.78817001576384,0.38618600889124677,1.1962658166909101,170,31
090.0 030.0,11,2019,0,8.03783366662973,8.07671685658055,8.05727526160514,8.05727526160514,7.559512303757646e-4,0.03888318995081974,30,2,3.51487803491019,4.28548936606178,3.900183700485985,3.900183700485985,0.296920911849613,0.7706113311515903,30,2
090.0 037.0,1,2017,1901.44,8.04298701291026,8.07136712494393,8.057177068927095,8.057177068927095,4.027153795218232e-4,0.028380112033669747,30,2,3.47863260249116,3.72030027484571,3.599466438668435,3.599466438668435,0.029201631930633146,0.24166767235455033,30,2
090.0 037.0,1,2021,3132.3,8.0543506863512,8.0543506863512,8.0543506863512,8.0543506863512,NA,0,2,2,3.70248961960436,3.70248961960436,3.70248961960436,3.70248961960436,NA,0,2,2
090.0 037.0,2,2014,4062.38,8.05393722915508,8.07468961047433,8.064313419814706,8.064313419814706,2.1533066520977476e-4,0.020752381319249835,30,2,3.51721267533312,3.87383700735934,3.69552484134623,3.69552484134623,0.06359045709657377,0.3566243320262199,30,2
090.0 037.0,2,2018,2779.28,8.06562949923977,8.08498285923083,8.075306179235302,8.075306179235302,1.872762714717772e-4,0.019353359991059804,30,2,3.83563215684344,4.01662733305805,3.926129744950745,3.926129744950745,0.016379626906478907,0.18099517621461025,30,2
090.0 037.0,2,2019,1277.62,8.05642851673004,8.05642851673004,8.05642851673004,8.05642851673004,NA,0,3,3,3.73298969846453,3.73298969846453,3.73298969846453,3.73298969846453,NA,0,3,3
090.0 037.0,4,2016,26634.15,8.0550131518518,8.06194673624191,8.058479944046855,8.058479944046855,2.403729624739887e-5,0.006933584390111491,30,2,3.65467185882774,3.90381844729606,3.7792451530619,3.7792451530619,0.031037011272701188,0.24914658846831994,30,2
090.0 037.0,4,2017,2755.7,8.05314641298695,8.07692745724628,8.065036935116614,8.065036935116614,2.8276903303210693e-4,0.02378104425933003,2.2,30,3.68009332124906,3.73639071643227,3.7082420188406653,3.7082420188406653,0.0015846983522072567,0.056297395183209975,30,2.2
090.0 037.0,4,2018,2425.19,8.03515939795518,8.05569682230577,8.045428110130475,8.045428110130475,2.1089289947809044e-4,0.02053742435058936,30,2,3.38047580718748,3.82461917487881,3.602547491033145,3.602547491033145,0.09863166553209787,0.4441433676913298,30,2
090.0 037.0,4,2019,1500.71,8.04538837320261,8.04538837320261,8.04538837320261,8.04538837320261,NA,0,1.9,1.9,3.6860844055339,3.6860844055339,3.6860844055339,3.6860844055339,NA,0,1.9,1.9
090.0 037.0,5,2021,1383.31,8.16507513849149,8.16507513849149,8.16507513849149,8.16507513849149,NA,0,3,3,4.20690552217291,4.20690552217291,4.20690552217291,4.20690552217291,NA,0,3,3
090.0 037.0,6,2018,1427.76,8.04268807731926,8.04268807731926,8.04268807731926,8.04268807731926,NA,0,2,2,4.1142626720635596,4.1142626720635596,4.1142626720635596,4.1142626720635596,NA,0,2,2
090.0 037.0,7,2019,450.8,8.03089199998613,8.03089199998613,8.03089199998613,8.03089199998613,NA,0,2,2,4.27808570297452,4.27808570297452,4.27808570297452,4.27808570297452,NA,0,2,2
090.0 037.0,7,2020,1206.9,8.07055187986408,8.07055187986408,8.07055187986408,8.07055187986408,NA,0,2,2,4.62271883268791,4.62271883268791,4.62271883268791,4.62271883268791,NA,0,2,2
090.0 037.0,10,2020,1150.68,8.03799396023543,8.03799396023543,8.03799396023543,8.03799396023543,NA,0,2,2,4.53010148496715,4.53010148496715,4.53010148496715,4.53010148496715,NA,0,2,2
090.0 037.0,11,2016,3628.16,8.03023119428774,8.05231994760538,8.04127557094656,8.04127557094656,2.4395651156376472e-4,0.022088753317639487,30,2,3.42824170734464,4.17995389507892,3.80409780121178,3.80409780121178,0.2825356065941284,0.7517121877342796,30,2
090.0 037.0,11,2017,599,8.06203515268674,8.06203515268674,8.06203515268674,8.06203515268674,NA,0,2,2,4.13631600061871,4.13631600061871,4.13631600061871,4.13631600061871,NA,0,2,2
090.0 037.0,11,2019,1343.82,8.04355297524497,8.04355297524497,8.04355297524497,8.04355297524497,NA,0,2,2,4.06466853445313,4.06466853445313,4.06466853445313,4.06466853445313,NA,0,2,2
090.0 045.0,1,2010,677.35,7.770459880436,8.08005988562122,7.982094020032548,8.07139710768974,0.019324418340614626,0.309600005185219,171,3,1.67870364022002,3.94052970683771,3.143931374701428,3.80998324157846,1.1094837954054597,2.26182606661769,171,3
090.0 045.0,1,2011,8474.71,7.6483437027812,7.90851140864716,7.771210104568755,7.76399265342333,0.013536037570190597,0.2601677058659604,171,30,1.27835948188368,2.40648528510731,1.78321783501031,1.724013286525125,0.2540983289642118,1.12812580322363,171,30
090.0 045.0,1,2017,0,8.04397052792267,8.06974127545451,8.05685590168859,8.05685590168859,3.320657141748858e-4,0.025770747531838722,30,2,3.47747226054566,3.78291925452573,3.630195757535695,3.630195757535695,0.0466489330657305,0.30544699398007014,30,2
090.0 045.0,1,2021,3546.68,7.92073700432797,8.0700191193272,7.995378061827585,7.995378061827585,0.011142574929321806,0.14928211499923094,50,2,2.50339982255508,3.68158124881235,3.092490535683715,3.092490535683715,0.6940557365888073,1.1781814262572698,50,2
090.0 045.0,2,2018,1665.66,8.06645571331163,8.08839398735227,8.07742485033195,8.07742485033195,2.406439339410991e-4,0.021938274040639527,2,30,3.83466844323557,3.9592274155011,3.896947929368335,3.896947929368335,0.007757468785922512,0.12455897226552981,2,30
090.0 045.0,2,2019,1249.88,8.0603509180513,8.06100909546896,8.06068000676013,8.06068000676013,2.1659875655802558e-7,6.58177417658834e-4,2,25,3.78195645403799,3.78890544321373,3.78543094862586,3.78543094862586,2.414422528227542e-5,0.006948989175739939,25,2
090.0 045.0,4,2011,7029.5,7.65489516126279,8.07801761914062,7.836577577779852,7.83523807049794,0.027941986871554636,0.423122457877831,170,2,1.29607633105942,3.76772141551535,2.191985750094236,2.01490791934897,0.9642988790678106,2.47164508445593,170,2
090.0 045.0,4,2016,58292,8.01287918957006,8.05713148375784,8.03500533666395,8.03500533666395,9.791327704408393e-4,0.04425229418777832,30,2,3.35663909893317,3.88192653725431,3.61928281809374,3.61928281809374,0.13796344642899266,0.5252874383211399,30,2
090.0 045.0,4,2017,2668.71,7.89115323332112,8.048005885611,7.9434911585453065,7.8913143567038,0.008192502620398334,0.15685265228987966,30.7,3.1,2.3545032025466,3.61479360494815,2.7751894444136367,2.35627152574616,0.5287021415318831,1.2602904024015498,30.7,3.1
090.0 045.0,4,2018,1760.27,8.05587591604088,8.07509941528465,8.065487665662765,8.065487665662765,1.8477146158758052e-4,0.019223499243768316,2,27,3.83345413168998,3.89138272292236,3.86241842730617,3.86241842730617,0.001677860841084082,0.05792859123237992,2,27
090.0 045.0,4,2019,745.31,8.04126419362902,8.05959705488612,8.05043062425757,8.05043062425757,1.6804690093604493e-4,0.01833286125710032,2,30.3,3.58881162887829,3.61301830711919,3.6009149679987402,3.6009149679987402,2.9298163572922685e-4,0.024206678240899837,30.3,2
090.0 045.0,5,2021,75.42,8.18288262411948,8.18288262411948,8.18288262411948,8.18288262411948,NA,0,2,2,4.3498178334764,4.3498178334764,4.3498178334764,4.3498178334764,NA,0,2,2
090.0 045.0,6,2018,1339.24,7.82351795781245,7.82351795781245,7.82351795781245,7.82351795781245,NA,0,29,29,2.04518655717895,2.04518655717895,2.04518655717895,2.04518655717895,NA,0,29,29
090.0 045.0,7,2019,0,8.05386230620364,8.05386230620364,8.05386230620364,8.05386230620364,NA,0,2,2,3.97793581244825,3.97793581244825,3.97793581244825,3.97793581244825,NA,0,2,2
090.0 045.0,7,2020,649.42,7.92180206010852,8.07589461675937,7.9988483384339455,7.9988483384339455,0.011872258007597739,0.1540925566508502,31,2,2.66011786575524,4.47370700308799,3.5669124344216154,3.5669124344216154,1.644552779525675,1.8135891373327504,31,2
090.0 045.0,8,2011,5232.17,7.66255039742559,8.07602321093107,7.827536664345912,7.78996154314079,0.0278348770158567,0.4134728135054795,169,3,1.30980332444766,4.29623111500788,2.2769057536301043,1.83191202423303,1.475773997453571,2.9864277905602203,169,3
090.0 045.0,10,2020,1175.93,7.98269194753534,8.04882894685497,8.015760447195156,8.015760447195156,0.0021870513395023635,0.06613699931962991,26,2,3.1437442305288,4.5612011369493,3.85247268373905,3.85247268373905,1.0045920407795879,1.4174569064205005,26,2
090.0 045.0,11,2009,16346.97,7.69763932441407,8.06425596399884,7.900280791088022,7.92194985272782,0.02894228882768421,0.36661663958476876,171,2,1.46300721194425,4.18889321834047,2.79743246133931,2.48551453633846,1.7095667999801838,2.7258860063962205,171,2
090.0 045.0,11,2016,13588.24,8.04433416935519,8.04748499860512,8.045909583980155,8.045909583980155,4.9638624811038596e-6,0.0031508292499289325,2,30,3.73916843809185,4.17997334953058,3.959570893811215,3.959570893811215,0.0971544849742532,0.4408049114387298,30,2
090.0 045.0,11,2019,2331.39,8.03806733688607,8.04708874027095,8.04257803857851,8.04257803857851,4.069285951637718e-5,0.009021403384881665,3,29,3.81969686399825,4.01552770260534,3.9176122833017946,3.9176122833017946,0.019174858674778056,0.19583083860708994,29,3
090.0 053.0,1,2013,563.41,7.67638625449279,8.0532093673614,7.928485020162532,8.04049784339543,0.029213440176934495,0.37682311286861037,170,50,1.33841935918514,3.47279433954162,2.706494702064576,3.36198854302156,1.0137912327526148,2.1343749803564798,170,2
090.0 053.0,1,2015,495.93,7.78107795554776,8.06574142206311,7.993156177956278,8.062902667107121,0.019993118410132734,0.2846634665153509,170,51,1.69458742629577,3.95185829963579,3.37618166647401,3.92914046998224,1.2569696033914783,2.25727087334002,170,3
090.0 053.0,1,2016,3125.58,7.72092403016716,8.05896673178564,7.933595001256178,8.02451509639757,0.023767947914221158,0.3380427016184804,170,2,1.53127905367649,3.70248227780286,2.823913415844738,3.37102857449496,0.9888534921606553,2.17120322412637,170,2
090.0 053.0,1,2021,395.76,8.04660711236153,8.04660711236153,8.04660711236153,8.04660711236153,NA,0,3,3,3.55799697013321,3.55799697013321,3.55799697013321,3.55799697013321,NA,0,3,3
090.0 053.0,2,2014,1525,7.7793988687948,8.0745627091274,7.961183205922094,8.0214138330212,0.017840935379035375,0.29516384033260046,170,2,1.68072390863927,3.70736155456323,2.850502984033168,3.19417254374874,0.8848390011687091,2.02663764592396,170,2
090.0 053.0,2,2018,161.21,7.62591465117893,8.09311290773146,7.91610951095181,8.00026450456107,0.04211000766347549,0.4671982565525292,170,2,1.21192177760406,4.01756179297694,2.802204937207122,3.17268481838187,1.592919041767098,2.8056400153728798,170,2
090.0 053.0,2,2019,1020.13,8.05612655478564,8.05612655478564,8.05612655478564,8.05612655478564,NA,0,2,2,3.6274236618954,3.6274236618954,3.6274236618954,3.6274236618954,NA,0,2,2
090.0 053.0,4,2013,2289.05,7.66595595617476,8.01365209863368,7.891432695258343,8.01275854427963,0.02870184134494067,0.34769614245891933,171,30,1.32371717922909,3.13819281235211,2.466361806741252,3.1098884678223,0.831032134537521,1.81447563312302,171,2
090.0 053.0,4,2014,2544.38,7.73592685466515,8.06401274108535,7.974077723559477,8.051354466427195,0.018772254307127773,0.3280858864201992,171,10,1.5333847262064,3.67896397656668,3.0371871118256033,3.583635399563785,0.8841054370725165,2.1455792503602797,171,10
090.0 053.0,4,2015,2756.81,7.72878840481004,8.0833907769476,7.952898408672702,8.04602480712799,0.026685325844769774,0.35460237213755885,170,30,1.50256445231487,3.93731099251683,2.934887705737632,3.46593690162037,1.3112363104665494,2.43474654020196,170,2
090.0 053.0,4,2016,26587.11,7.72451139391062,8.05334266258485,7.934113918865325,7.979300809482915,0.023733510214995826,0.3288312686742296,171,34,1.5177943821221,3.70099790234412,2.843390016145785,3.07738389005846,1.1116439767228428,2.18320352022202,171,3
090.0 053.0,4,2017,2393.01,7.68381000750639,8.05241186075072,7.8990289464364265,7.9051579405141545,0.02394563774142424,0.36860185324432937,171.5,1.6,1.3715780616627,3.51462414202474,2.5147646998810167,2.4818381157842753,0.8819130206963349,2.1430460803620397,171.5,1.6
090.0 053.0,4,2018,2053.96,8.07248214476765,8.07248214476765,8.07248214476765,8.07248214476765,NA,0,1,1,3.68460704587996,3.68460704587996,3.68460704587996,3.68460704587996,NA,0,1,1
090.0 053.0,4,2019,1305.49,8.03543662860411,8.03543662860411,8.03543662860411,8.03543662860411,NA,0,1.9,1.9,3.62450261998854,3.62450261998854,3.62450261998854,3.62450261998854,NA,0,1.9,1.9
090.0 053.0,5,2021,6078.05,8.14081633528237,8.14081633528237,8.14081633528237,8.14081633528237,NA,0,4,4,3.64569897828449,3.64569897828449,3.64569897828449,3.64569897828449,NA,0,4,4
090.0 053.0,7,2012,9979.48,7.6509685123078,8.09038162938234,7.8586053630164345,7.83610039196302,0.03896629414410971,0.43941311707454034,170,2,1.25887235931427,4.10022121900973,2.48473344737254,2.05257482784355,1.6854358317079239,2.8413488596954597,170,2
090.0 053.0,7,2013,4787.05,7.68163055465118,8.06284345646517,7.866874173817658,7.88872999717409,0.027250341876850104,0.38121290181399026,170,2,1.33192588244169,4.05656534825839,2.471800258697744,2.35733843675942,1.2957375238815096,2.7246394658167,170,2
090.0 053.0,7,2014,17477.39,7.71026043968887,8.05262825709459,7.917957999287118,7.98540246202391,0.02372541192390404,0.3423678174057194,170,2,1.43363529805446,3.99359495559328,2.74530949429063,2.91406814097756,1.2350160597010116,2.55995965753882,170,2
090.0 053.0,7,2015,4824.62,7.67408582668187,8.05870082622213,7.879856637982191,7.86732846461288,0.027906140423782727,0.38461499954026035,170,3,1.32374799143136,4.05017070267776,2.534159334762736,2.14815092706297,1.412098851777087,2.7264227112464,170,3
090.0 053.0,7,2016,1156.68,7.64066981528898,8.11077132273716,7.811851833337042,7.72837779671666,0.035519085724393,0.47010150744817913,170,2,1.25757227222202,4.40821317759367,2.2051387325697482,1.59061752386027,1.671682030521278,3.1506409053716506,170,2
090.0 053.0,7,2019,1896.75,8.07490569574493,8.07490569574493,8.07490569574493,8.07490569574493,NA,0,2,2,4.0768806247459,4.0768806247459,4.0768806247459,4.0768806247459,NA,0,2,2
090.0 053.0,7,2020,3776.98,8.07979799082447,8.07979799082447,8.07979799082447,8.07979799082447,NA,0,2,2,4.285477373918,4.285477373918,4.285477373918,4.285477373918,NA,0,2,2
090.0 053.0,10,2011,2340.97,7.72161768722627,8.05091297144186,7.949205754484142,8.04685401840737,0.021753546936848094,0.32929528421559073,169,2,1.47581604617877,3.96834346969239,3.048232336115762,3.68372149402694,1.309363491844148,2.4925274235136197,169,2
090.0 053.0,10,2012,7055,7.7454478583825,8.06246984024522,7.957996679759348,8.03981141220177,0.01957605809983634,0.31702198186271957,170,2,1.55037272445946,4.02837301684216,2.992230684390486,3.24142523441092,1.207081224200345,2.4780002923827,170,2
090.0 053.0,10,2020,107.31,8.04693706574225,8.04693706574225,8.04693706574225,8.04693706574225,NA,0,2,2,4.19655916757803,4.19655916757803,4.19655916757803,4.19655916757803,NA,0,2,2
090.0 053.0,11,2013,2613.83,7.69598264738955,8.05832547403129,7.942855171771945,8.02196762036898,0.024141052927856496,0.3623428266417408,170,10,1.3888556058031,3.94097356632479,2.967663693599645,3.385569035856575,1.2782595586496186,2.5521179605216897,170,10
090.0 053.0,11,2014,2664.17,7.72645764578053,8.05395500718521,7.94831408376283,8.03497407591165,0.0210482490934299,0.32749736140468055,169,33,1.50435546819399,4.08942793475464,3.004865317718124,3.25093475648507,1.3510848341955182,2.58507246656065,169,2
090.0 053.0,11,2016,22468.7,7.73400952718274,8.04335857169541,7.93545005570135,8.02345973039206,0.01925575939687326,0.309349044512671,171,30,1.52295730541449,3.9844367098892,2.95328005578781,3.36753378763593,1.2501620585173354,2.46147940447471,171,2
090.0 053.0,11,2017,8533.33,7.75974294895323,8.07173457663415,7.982123768057894,8.05186882992582,0.017584200361728194,0.3119916276809196,170,3,1.60670202405588,4.02316267422756,3.19055950163943,3.72454175330368,1.1133156419907713,2.41646065017168,170,3
090.0 053.0,11,2019,2334.65,8.0302030665823,8.0302030665823,8.0302030665823,8.0302030665823,0,0,2,2,3.87510547163569,3.87510547163569,3.87510547163569,3.87510547163569,0,0,2,2
090.0 060.0,1,2010,692.6,7.72348195289578,8.07826124251961,7.960366730012832,8.05914889986427,0.025728250981430365,0.35477928962382954,173,2,1.52426594030767,3.81449126503402,2.97186532241424,3.60310877762755,1.1567660007284846,2.29022532472635,173,2
090.0 060.0,1,2011,1880.46,7.6965866563404,8.04919790384354,7.9247548377810535,8.00237376111585,0.02171945467149239,0.3526112475031402,171,3,1.42746230001395,3.37713284847445,2.5855197645373997,2.97858214287007,0.6783617450704407,1.9496705484605,171,3
090.0 060.0,1,2013,5002.94,7.69211221787202,8.06582154865682,7.952463356776374,8.05546969780654,0.027183416441575365,0.3737093307847994,170,50,1.391257458928,3.5262993740018,2.820918651117034,3.46352103455412,0.9572974771973778,2.1350419150738,170,30
090.0 060.0,1,2015,201.6,7.76816418358991,8.06545948872305,7.9418722345630215,8.00207901082524,0.020465408557919566,0.2972953051331402,171,2,1.62406640759496,3.90598535142879,2.837737686801228,2.96041455292975,1.1812442568512167,2.28191894383383,171,2
090.0 060.0,1,2016,12177.45,7.74738838693661,8.30258678766349,8.02634492448343,8.02770226166681,0.0581023215068019,0.55519840072688,171,49,1.58972404566171,5.68082633092771,3.5112719842368825,3.3872687801790553,3.306445887042092,4.0911022852659995,171,49
090.0 060.0,1,2021,384.83,8.02812033876373,8.02812033876373,8.02812033876373,8.02812033876373,NA,0,3,3,3.47233499459679,3.47233499459679,3.47233499459679,3.47233499459679,NA,0,3,3
090.0 060.0,2,2014,810,7.77153342373976,8.06948541158141,7.978385975341459,8.06777662373711,0.01783428437779267,0.2979519878416488,170,3,1.64233171120938,3.6605342458744,2.975091910358726,3.61774618180651,0.8821993821362168,2.0182025346650203,170,3
090.0 060.0,2,2018,860.66,7.68356533591434,8.05954889208918,7.9198551472720915,8.00568870820324,0.027666687956590184,0.375983556174841,170,2,1.38842950287191,3.76083752396095,2.745334707887206,3.17088794783159,1.1126584293747028,2.37240802108904,170,2
090.0 060.0,2,2019,2351.53,8.05337489287824,8.06175195381445,8.057563423346345,8.057563423346345,3.50875749644891e-5,0.008377060936210157,30,2,3.52299557578105,3.60040252378637,3.56169904978371,3.56169904978371,0.0029959177997491825,0.07740694800532033,30,2
090.0 060.0,4,2011,5426.29,7.67447131692732,8.05197339117137,7.908203449946396,8.02607863513938,0.034642779325652115,0.3775020742440489,170,2,1.33249866976583,3.43820199791314,2.58351394837629,3.17380310189958,1.081470238227896,2.10570332814731,170,2
090.0 060.0,4,2013,981.07,7.71398754879198,8.04564958733242,7.931307276137922,8.0279787475498,0.022436461947760767,0.33166203854043985,170,2,1.4474280035078,3.37741037983272,2.657547119612964,3.23250261847488,0.8047210418970132,1.9299823763249202,170,2
090.0 060.0,4,2014,2510.67,7.74266371310546,8.07133918304675,7.976387750213467,8.05640130612703,0.019076628286487513,0.32867546994128904,168,27,1.54898067886382,3.73226385373311,3.0512360248413035,3.6298844771694947,0.9475696798374775,2.18328317486929,168,27
090.0 060.0,4,2015,1682.91,7.79232816962055,8.05501210411711,7.961889201908998,7.9992073660246,0.011910998516093164,0.26268393449655925,170,54,1.71572140266858,3.94804807122201,3.0378193611972932,3.24702410230414,0.9450877382224979,2.23232666855343,170,1
090.0 060.0,4,2016,37420.95,7.70832546905016,8.05325848589927,7.894009578877727,7.92044478168375,0.030268811488703917,0.3449330168491107,173,2,1.47733428402776,3.72869946208884,2.58536061875505,2.55004811014855,1.2680965211945625,2.25136517806108,173,2
090.0 060.0,4,2017,1692.06,7.73670620043308,8.07180738809895,7.9925478591345005,8.03686894922548,0.016245920071102517,0.33510118766587027,170.5,100.4,1.53130139886115,3.564944331353,3.0232941014335615,3.215254086064295,0.5699098628093696,2.03364293249185,170.5,1.8
090.0 060.0,4,2018,3088.12,8.08583035723949,8.10112348338846,8.093476920313975,8.093476920313975,1.1693985370415743e-4,0.01529312614897016,2,30,3.78482722590302,3.8432627597483,3.81404499282566,3.81404499282566,0.001707355807891445,0.05843553384528022,2,30
090.0 060.0,4,2019,2416.58,7.98619031387178,8.05435336145884,8.03157550134071,8.05418282869151,0.0015448687015486252,0.06816304758706071,3.2,30.6,3.32468076329623,3.66308102505909,3.55003314080818,3.66233763406922,0.03808790869525727,0.33840026176285987,3.2,30.6
090.0 060.0,5,2021,7357.08,8.11212379821293,8.11212379821293,8.11212379821293,8.11212379821293,NA,0,4,4,3.38274151718143,3.38274151718143,3.38274151718143,3.38274151718143,NA,0,4,4
090.0 060.0,7,2012,363.48,7.7008479369046,8.05788736935169,7.91814716695372,7.98418005813653,0.02656710128958993,0.35703943244709,170,2,1.39400694360647,3.61311649219219,2.614030244406008,2.79092070504178,1.0201481591147803,2.21910954858572,170,2
090.0 060.0,7,2013,5700,7.62742030306743,8.04644852199418,7.830883357863952,7.8232398569698844,0.0275749180993362,0.4190282189267496,170,2,1.19483678371931,3.81689298057023,2.2618880482668215,2.04927876132171,1.0347362662855035,2.62205619685092,170,2
090.0 060.0,7,2014,13983.56,7.71471825994805,8.06172080168959,7.944115369618742,8.03501410133982,0.02333334482609706,0.3470025417415403,169,27,1.44967489266204,3.85807997801024,2.923225916729328,3.44044305643936,1.2343334146460754,2.4084050853481997,169,3
090.0 060.0,7,2015,3408.75,7.74586253172528,8.06524149469038,7.935591498994654,8.01329813176692,0.021479502671103785,0.31937896296510004,170,29,1.5503880539061,3.98803727936835,2.863134759794676,3.15990271782306,1.181396913781701,2.43764922546225,170,3
090.0 060.0,7,2016,3502.33,7.70227349577093,8.09786371882475,7.926630371779386,7.95992710389332,0.027166095962108068,0.3955902230538193,171,30,1.4262690222432,4.06519796434258,2.763673042400688,2.67990054846602,1.3393935248549016,2.6389289420993807,171,30
090.0 060.0,7,2019,5066.24,8.04094509475775,8.0838023319563,8.062373713357026,8.062373713357026,9.183713901463248e-4,0.0428572371985485,29,2,3.53048293629976,3.94198246511581,3.7362327007077853,3.7362327007077853,0.08466593110791563,0.4114995288160501,29,2
090.0 060.0,7,2020,419.26,8.02107727992903,8.03105434155628,8.026065810742654,8.026065810742654,4.977087935697315e-5,0.009977061627250094,2,32,3.59735082694517,3.76145356441139,3.6794021956782803,3.6794021956782803,0.013464854221953535,0.16410273746621984,32,2
090.0 060.0,8,2011,781.07,7.64340357970471,8.08109727143016,7.889069789871804,7.95516151007944,0.03472948458608732,0.4376936917254497,170,2,1.25856470907714,4.10822133021439,2.613912064117524,2.72463289895663,1.4229203299006796,2.8496566211372505,170,2
090.0 060.0,8,2017,4163.89,7.72017903467745,8.04901666342256,7.92373983192563,8.00098975627662,0.019585628630129335,0.32883762874510936,170,30,1.46109136886339,3.84126178297398,2.780366118426532,3.0772619295346,1.080667505700283,2.38017041411059,170,3
090.0 060.0,10,2011,1919.41,7.72704003980031,8.06596554250673,7.954332071727405,8.05024061152078,0.02222118985156999,0.3389255027064193,170,30,1.50235125838775,3.94282678508475,2.977511714910746,3.40798356507096,1.2082226925285946,2.440475526697,170,3
090.0 060.0,10,2020,2131.72,8.0170370445452,8.02730532318547,8.022171183865336,8.022171183865336,5.271877311711166e-5,0.010268278640269912,40,2,3.25411722545625,4.08682949208497,3.67047335877061,3.67047335877061,0.34670485949697016,0.8327122666287199,40,2
090.0 060.0,11,2009,9572.4,7.72107483255893,8.08156274464189,7.904280743918516,7.8706076753328,0.028865742283984898,0.3604879120829594,170,1,1.48086341134759,4.11096229622023,2.720955078828204,2.26310185110667,1.6335665072238184,2.6300988848726403,170,1
090.0 060.0,11,2014,2192.2,7.78239522766007,8.05750258785296,7.977829921431842,8.03998423929446,0.013094105373042324,0.27510736019289084,170,50,1.68937604815628,4.04120502872189,3.234787781225628,3.74788897211571,1.0676924264965542,2.3518289805656103,170,2
090.0 060.0,11,2016,3730.07,7.70902206048532,8.08418726878172,7.9283924898856535,7.9427471710860145,0.021831962039543934,0.37516520829640054,170,2,1.43960705504775,4.32359225981658,2.863872642587345,2.7502132591284854,1.440424606143866,2.8839852047688304,170,2
090.0 060.0,11,2017,2937.87,7.76123376294945,8.07838432011834,7.974470351358311,8.05113644862631,0.018014948479612262,0.3171505571688904,170,50,1.62067561361639,3.93596381888807,3.125508419760582,3.76894828997322,1.111486664414218,2.31528820527168,170,30
090.0 060.0,11,2019,4926.97,8.03220249771928,8.03897492843154,8.03558871307541,8.03558871307541,2.293290887617126e-5,0.006772430712258526,2,30,3.69178066330234,3.80302420370937,3.747402433505855,3.747402433505855,0.0061875626411452824,0.11124354040703022,30,2
090.0 080.0,8,2017,3352.92,8.0467988829434,8.0467988829434,8.0467988829434,8.0467988829434,NA,0,2,2,4.01144971885816,4.01144971885816,4.01144971885816,4.01144971885816,NA,0,2,2
090.0 090.0,1,2010,579.14,7.73932096079602,8.08216144889552,8.01761182622714,8.06452723440243,0.013841014845125515,0.3428404880994993,170,20,1.5503325041923,3.78549718188928,3.261778799967616,3.57913102884078,0.6306091502478195,2.23516467769698,170,20
090.0 090.0,1,2011,508.06,7.89212028436319,8.06258378227084,8.020978350189807,8.05374163400301,0.005239475341635989,0.17046349790765003,171,3,2.17594160305725,3.8554194164914,3.40206405457996,3.76258264668377,0.4952386728114393,1.6794778134341501,171,3
090.0 090.0,1,2013,235.68,7.82361652360006,8.06921693893002,8.004241332924222,8.04244750166199,0.010600981009001172,0.24560041532996113,170,2,1.83324592448311,3.72515458494447,3.159180435705282,3.49782045723986,0.6166189961893731,1.89190866046136,170,2
090.0 090.0,1,2015,273,7.8322012808056,8.05797289388678,8.0042315701682,8.05203903806898,0.009398201249832124,0.22577161308117955,170,2,1.88608878792111,4.0750704865365,3.433397814135744,4.00267873411926,0.8840268783791186,2.1889816986153905,170,2
090.0 090.0,1,2016,386.59,7.73734579690739,8.07867360435779,7.978531638653622,8.07040153576839,0.02185447796595057,0.3413278074504005,169,25,1.53573493419705,3.91332669315246,3.1296928634186902,3.83278495240787,1.169319025342353,2.37759175895541,169,25
090.0 090.0,1,2017,2753.12,7.95537641381923,8.06830977236949,8.032533094605542,8.053223096116724,0.0027020638198375028,0.11293335855026054,100,2,2.62203829539017,3.87252200272828,3.461201025675172,3.67512190229112,0.3229453727989943,1.2504837073381099,100,2
090.0 090.0,1,2021,643.06,8.04044400377986,8.04044400377986,8.04044400377986,8.04044400377986,NA,0,6,6,3.55522164718223,3.55522164718223,3.55522164718223,3.55522164718223,NA,0,6,6
090.0 090.0,2,2012,3977.98,7.74059065713473,8.072893830339,7.9937371165385755,8.06895552500665,0.020643369939687184,0.33230317320427005,170,2,1.55843301458105,3.73381406685083,3.1533789243692842,3.67739898611085,0.8704040061748033,2.17538105226978,170,2
090.0 090.0,2,2014,355.74,7.78845263181662,8.08079469327744,7.9895594884788075,8.06578633625194,0.016500269620889404,0.2923420614608201,170,30,1.6972049706628,3.70704238936318,2.98490963824864,3.43708108407088,0.8137394510275954,2.00983741870038,170,2
090.0 090.0,2,2019,239.02,8.05705135427666,8.05705135427666,8.05705135427666,8.05705135427666,NA,0,2,2,3.7647978396015,3.7647978396015,3.7647978396015,3.7647978396015,NA,0,2,2
090.0 090.0,4,2011,2458.81,7.72737769763849,8.07876223915985,7.97336513722842,8.05416584552204,0.022701379945435786,0.35138454152136056,174,2,1.50614701062656,3.62842017086903,2.900375309349862,3.34457749440654,0.8463737531560498,2.12227316024247,174,2
090.0 090.0,4,2013,721.78,7.84563440547432,8.07853989467597,8.021939571894324,8.06094024529749,0.009772263966727973,0.23290548920164955,170,50,1.95900559101945,3.67110586745214,3.224902081226784,3.56009788982091,0.5171771065410347,1.7121002764326902,170,2
090.0 090.0,4,2015,536.17,7.77354582204617,8.05227871404661,7.973212674420822,8.05159326296668,0.014942954191842746,0.2787328920004395,170,2,1.64831273477144,3.94174340448466,3.102615908635984,3.71981352900727,1.0383377813365924,2.2934306697132203,170,2
090.0 090.0,4,2016,21630,7.75206110862524,8.05413013848839,7.9818840997731355,8.04424757654444,0.01675884844776139,0.30206902986314965,170,48,1.58442343508787,3.67538755983402,3.14820972834121,3.63146135673443,0.8002260208306301,2.09096412474615,170,48
090.0 090.0,4,2017,5135.94,7.72032746271291,8.08994406720137,7.948689937053862,7.9697336703073205,0.021145569339301486,0.3696166044884608,169.1,24.9,1.48423384399198,3.88559940535934,2.8353750860074682,2.897956194353325,0.9889560097841292,2.40136556136736,169.1,24.9
090.0 090.0,4,2019,3757.1,8.03297748715127,8.03297748715127,8.03297748715127,8.03297748715127,NA,0,2.3,2.3,3.63562631966875,3.63562631966875,3.63562631966875,3.63562631966875,NA,0,2.3,2.3
090.0 090.0,5,2021,2165.55,8.15283045803218,8.15283045803218,8.15283045803218,8.15283045803218,NA,0,3,3,3.78813283044491,3.78813283044491,3.78813283044491,3.78813283044491,NA,0,3,3
090.0 090.0,6,2018,2401.87,8.03229272890965,8.03229272890965,8.03229272890965,8.03229272890965,NA,0,3,3,3.60641942895335,3.60641942895335,3.60641942895335,3.60641942895335,NA,0,3,3
090.0 090.0,7,2012,40.39,7.69013564206932,8.06213879073334,7.949925322693338,8.04183507878138,0.026014438914324152,0.3720031486640192,170,2,1.39741589687218,3.69292336270555,2.873254642345,3.36572057619599,1.0276849724028352,2.29550746583337,170,2
090.0 090.0,7,2013,2393.85,7.73554851131234,8.05143462417401,7.955077020019634,8.00837631444906,0.017373341272923667,0.315886112861671,170,30,1.53042185696256,3.80765642091138,2.938808153775586,3.26553497870397,0.8518959201399818,2.27723456394882,170,3
090.0 090.0,7,2014,11184.78,7.76279378262345,8.04703079142815,7.935788958469452,7.966665629913106,0.017000469001269024,0.28423700880469926,170,32,1.620921492276,3.86934307622459,2.9050902057275976,3.0650481272049,1.2235279129584775,2.24842158394859,170,3
090.0 090.0,7,2015,924,7.85042808857299,8.05338549991576,7.99430099603917,8.02859772369836,0.006874687032197539,0.202957411342771,170,50,1.95456920121443,4.0137245550926,3.457767756355126,3.92592410970746,0.7541389661726131,2.05915535387817,170,2
090.0 090.0,7,2016,2947.85,7.80912171660442,8.05886330228689,7.987643134357362,8.03383786423591,0.010401555506155616,0.24974158568246985,171,50,1.81570012218214,3.94351165640163,3.292266164441188,3.78443183399107,0.8263672580783397,2.12781153421949,171,2
090.0 090.0,7,2019,543.28,8.02151163484112,8.02151163484112,8.02151163484112,8.02151163484112,NA,0,2,2,3.88797303647908,3.88797303647908,3.88797303647908,3.88797303647908,NA,0,2,2
090.0 090.0,8,2017,5312.25,7.87276936857454,8.05169821705361,7.9977692358200745,8.01401675006456,0.005186511965792802,0.17892884847907098,170,101,2.06362836402872,3.67726033898496,3.251759523086374,3.59951240350057,0.4608014085389326,1.61363197495624,170,2
090.0 090.0,10,2011,128.88,7.75510531004196,8.06026691364921,7.966013724043296,8.019969687387,0.01491038655856436,0.3051616036072504,170,51,1.60083714137539,3.88804305009317,3.164801663821144,3.758458991856,1.0032194137871664,2.2872059087177803,170,25
090.0 090.0,10,2012,1713.88,7.80042799423541,8.05363337541298,7.975453681585927,8.023876678347658,0.013994459295955872,0.25320538117757074,170,51,1.78248149982539,3.88379489793392,3.13618154696548,3.439224895051305,0.9632041166996194,2.1013133981085304,170,2
090.0 090.0,10,2020,424.24,8.01144501228759,8.01144501228759,8.01144501228759,8.01144501228759,NA,0,2,2,3.9369911716232,3.9369911716232,3.9369911716232,3.9369911716232,NA,0,2,2
090.0 090.0,11,2009,10652.04,7.81232338268653,8.08704860537447,8.002666017506652,8.07931449063793,0.014815777796313321,0.2747252226879402,171,21,1.84644409221533,3.94647140850474,3.217245385787386,3.83434796741838,0.9504278570048712,2.10002731628941,171,21
090.0 090.0,11,2013,482.55,7.80144668622975,8.06786602428406,8.001076147371682,8.06275414875282,0.013147941157229701,0.26641933805430984,171,50,1.74928918507251,3.90188867551505,3.156232799302118,3.64388734272541,0.7793699130531674,2.1525994904425403,171,31
090.0 090.0,11,2014,1020.82,7.79124871587002,8.05326083649405,7.97474810066932,8.028864529519812,0.012815436082522001,0.2620121206240311,170,50,1.72797146043949,4.01335654309165,3.1578585318665735,3.4480306897410546,0.9026394389606399,2.2853850826521596,170,2
090.0 090.0,11,2016,1814.88,7.66489548780448,8.05180755083767,7.9296899160591705,8.03542037466393,0.02944170619734505,0.3869120630331908,170,30,1.32028032296569,3.88776659839748,2.981305844771548,3.7850442026232,1.4706779914736012,2.56748627543179,170,30
090.0 090.0,11,2017,954.55,7.84483734737255,8.0578137040924709,7.980333016875811,8.009340508019111,0.010049675729067844,0.21297635671992055,171,31,1.93622068131803,4.17680920157852,3.2432164715915697,3.429918001734865,1.2470998032038312,2.2405885202604896,171,31
090.0 090.0,11,2019,741.31,8.02181413154644,8.02181413154644,8.02181413154644,8.02181413154644,NA,0,1,1,3.7608529984291,3.7608529984291,3.7608529984291,3.7608529984291,NA,0,1,1
090.0 120.0,1,2017,1090.13,8.04237455555516,8.04682749465069,8.044601025102924,8.044601025102924,9.914333294253304e-6,0.004452939095530795,2,25,3.89328912391337,3.92476982864226,3.909029476277815,3.909029476277815,4.955173851137813e-4,0.031480704728890085,2,25
090.0 120.0,2,2014,825.8,8.06047006939867,8.06407679142337,8.06227343041102,8.06227343041102,6.504221881724926e-6,0.0036067220246991383,25,2,3.83113449660826,3.87052168155527,3.850828089081765,3.850828089081765,7.75675169024994e-4,0.03938718494701021,25,2
090.0 120.0,4,2017,1247.65,8.04814048737248,8.04914737271265,8.048643930042566,8.048643930042566,5.069090441240856e-7,0.001006885340169461,25.6,1.8,3.67489115330067,3.69043241832845,3.68266178581456,3.68266178581456,1.207654593318484e-4,0.015541265027779971,25.6,1.8
090.0 120.0,4,2018,3461.47,8.06123856765889,8.31632928770931,8.1887839276841,8.1887839276841,0.032535637727920924,0.2550907200504202,35,2,3.89759195456084,6.80511456395806,5.35135325925945,5.35135325925945,4.226843862078011,2.9075226093972204,35,2
090.0 120.0,4,2019,1581.71,8.02307936964367,8.04285995568999,8.03296966266683,8.03296966266683,1.956357921679313e-4,0.019780586046319826,2.3,25.1,3.68821620538069,3.78402594694664,3.736121076163665,3.736121076163665,0.004589753289467065,0.09580974156595001,2.3,25.1
090.0 120.0,6,2018,469.39,8.02438524611834,8.02438524611834,8.02438524611834,8.02438524611834,NA,0,2,2,3.828312094189,3.828312094189,3.828312094189,3.828312094189,NA,0,2,2
090.0 120.0,7,2019,1639.78,8.01318945056511,8.043914339934,8.028551895249555,8.028551895249555,4.7200941336528727e-4,0.03072488936889073,2,26,3.79277025206075,4.00940310712339,3.90108667959207,3.90108667959207,0.023464896946295385,0.21663285506263996,2,26
090.0 120.0,7,2020,0,8.00331013022944,8.00359691715607,8.003453523692755,8.003453523692755,4.112337064283876e-8,2.867869266296452e-4,26,2,3.72996742636773,3.76624135075466,3.748104388561195,3.748104388561195,6.578987952143616e-4,0.03627392438693011,26,2
090.0 120.0,8,2017,1483.14,8.00609062887887,8.01629234133434,8.011191485106604,8.011191485106604,5.203746851205575e-5,0.010201712455470968,2,26,3.9686734145896,3.97005792225454,3.96936566842207,3.96936566842207,9.584307371389964e-7,0.0013845076649401378,2,26
090.0 120.0,10,2020,0,7.99001827630504,7.99291208275899,7.991465179532016,7.991465179532016,4.187057896461622e-6,0.0028938064539500985,25,2.9,3.89275245054848,3.92885919252915,3.910805821538815,3.910805821538815,6.518484082293383e-4,0.03610674198066999,25,2.9
090.0 120.0,11,2016,2205,8.0219214044027,8.02286995195369,8.022395678178196,8.022395678178196,4.4987122824335e-7,9.485475509887209e-4,26,2,3.87841314520978,3.8936650482954702,3.886039096752625,3.886039096752625,1.1631027386764548e-4,0.015251903085690355,26,2
090.0 120.0,11,2017,5746.21,8.03362033329233,8.03989501450542,8.036757673898876,8.036757673898876,1.968581216295679e-5,0.006274681213090716,25,2,3.92687385039468,4.00196182683382,3.96441783861425,3.96441783861425,0.002819102102862397,0.07508797643913967,25,2
090.0 120.0,11,2019,1094.69,8.00239927919308,8.00707685742603,8.004738068309555,8.004738068309555,1.0939869062685937e-5,0.004677578232950452,2,25,3.91846966348752,3.94202541000613,3.9302475367468253,3.9302475367468253,2.774365970245043e-4,0.023555746518610032,2,25
