Year_UTC,Month_UTC,Station_ID,Date_cc,Day_UTC.x,Latitude.x,Longitude.x,TA,DIC,Depth,CTDTEMP_ITS90,Salinity_PSS78,pHin,pHout,RowNumber,Cruise,Ship,Date,Day_UTC.y,Region,Line,Station,MaxDepth,Latitude.y,Longitude.y,TowBegin,TowEnd,Euphausia_pacifica_adult_Abundance,Euphausia_pacifica_calyptopis_Abundance,Euphausia_pacifica_calyptopis_C1_Abundance,Euphausia_pacifica_calyptopis_C2_Abundance,Euphausia_pacifica_calyptopis_C3_Abundance,Euphausia_pacifica_damaged_Abundance,Euphausia_pacifica_furcilia_Abundance,Euphausia_pacifica_furcilia_F1_Abundance,Euphausia_pacifica_furcilia_F2_Abundance,Euphausia_pacifica_furcilia_F3_Abundance,Euphausia_pacifica_furcilia_F4_Abundance,Euphausia_pacifica_furcilia_F5_Abundance,Euphausia_pacifica_furcilia_F6_Abundance,Euphausia_pacifica_furcilia_F7_Abundance,Euphausia_pacifica_juvenile_Abundance,Euphausia_pacifica_larvae_Abundance,Euphausia_pacifica_metanauplius_Abundance,Thysanoessa_spinifera_adult_Abundance,Thysanoessa_spinifera_calyptopis_Abundance,Thysanoessa_spinifera_calyptopis_C1_Abundance,Thysanoessa_spinifera_calyptopis_C2_Abundance,Thysanoessa_spinifera_calyptopis_C3_Abundance,Thysanoessa_spinifera_damaged_Abundance,Thysanoessa_spinifera_furcilia_Abundance,Thysanoessa_spinifera_furcilia_F1_Abundance,Thysanoessa_spinifera_furcilia_F2_Abundance,Thysanoessa_spinifera_furcilia_F3_Abundance,Thysanoessa_spinifera_furcilia_F4_Abundance,Thysanoessa_spinifera_furcilia_F5_Abundance,Thysanoessa_spinifera_furcilia_F6_Abundance,Thysanoessa_spinifera_juvenile_Abundance,Thysanoessa_spinifera_larvae_Abundance,Thysanoessa_spinifera_metanauplius_Abundance,Nyctiphanes_simplex_adult_Abundance,Nyctiphanes_simplex_calyptopis_Abundance,Nyctiphanes_simplex_calyptopis_C1_Abundance,Nyctiphanes_simplex_calyptopis_C2_Abundance,Nyctiphanes_simplex_calyptopis_C3_Abundance,Nyctiphanes_simplex_damaged_Abundance,Nyctiphanes_simplex_furcilia_Abundance,Nyctiphanes_simplex_furcilia_F1_Abundance,Nyctiphanes_simplex_furcilia_F2_Abundance,Nyctiphanes_simplex_furcilia_F3_Abundance,Nyctiphanes_simplex_furcilia_F4_Abundance,Nyctiphanes_simplex_furcilia_F5_Abundance,Nyctiphanes_simplex_furcilia_F6_Abundance,Nyctiphanes_simplex_juvenile_Abundance,Nyctiphanes_simplex_larvae_Abundance,Nyctiphanes_simplex_metanauplius_Abundance,Euphausia_eximia_adult_Abundance,Euphausia_eximia_calyptopis_Abundance,Euphausia_eximia_calyptopis_C2_Abundance,Euphausia_eximia_calyptopis_C3_Abundance,Euphausia_eximia_damaged_Abundance,Euphausia_eximia_furcilia_Abundance,Euphausia_eximia_furcilia_F1_Abundance,Euphausia_eximia_furcilia_F2_Abundance,Euphausia_eximia_furcilia_F3_Abundance,Euphausia_eximia_furcilia_F4_Abundance,Euphausia_eximia_furcilia_F5_Abundance,Euphausia_eximia_furcilia_F6_Abundance,Euphausia_eximia_juvenile_Abundance,Euphausia_eximia_larvae_Abundance,Euphausia_gibboides_adult_Abundance,Euphausia_gibboides_calyptopis_Abundance,Euphausia_gibboides_calyptopis_C1_Abundance,Euphausia_gibboides_calyptopis_C2_Abundance,Euphausia_gibboides_calyptopis_C3_Abundance,Euphausia_gibboides_damaged_Abundance,Euphausia_gibboides_furcilia_Abundance,Euphausia_gibboides_furcilia_F1_Abundance,Euphausia_gibboides_furcilia_F2_Abundance,Euphausia_gibboides_furcilia_F3_Abundance,Euphausia_gibboides_furcilia_F4_Abundance,Euphausia_gibboides_furcilia_F5_Abundance,Euphausia_gibboides_furcilia_F6_Abundance,Euphausia_gibboides_juvenile_Abundance,Euphausia_gibboides_larvae_Abundance,Euphausia_recurva_adult_Abundance,Euphausia_recurva_calyptopis_Abundance,Euphausia_recurva_calyptopis_C1_Abundance,Euphausia_recurva_calyptopis_C2_Abundance,Euphausia_recurva_calyptopis_C3_Abundance,Euphausia_recurva_damaged_Abundance,Euphausia_recurva_furcilia_Abundance,Euphausia_recurva_furcilia_F1_Abundance,Euphausia_recurva_furcilia_F2_Abundance,Euphausia_recurva_furcilia_F3_Abundance,Euphausia_recurva_furcilia_F4_Abundance,Euphausia_recurva_furcilia_F5_Abundance,Euphausia_recurva_furcilia_F6_Abundance,Euphausia_recurva_juvenile_Abundance,Euphausia_recurva_metanauplius_Abundance,Stylocheiron_affine_adult_Abundance,Stylocheiron_affine_calyptopis_Abundance,Stylocheiron_affine_furcilia_Abundance,Stylocheiron_affine_juvenile_Abundance,Euphausia_hemigibba_adult_Abundance,Euphausia_hemigibba_calyptopis_Abundance,Euphausia_hemigibba_furcilia_Abundance,Euphausia_hemigibba_juvenile_Abundance,Nematoscelis_difficilis_adult_Abundance,Nematoscelis_difficilis_calyptopis_Abundance,Nematoscelis_difficilis_calyptopis_C1_Abundance,Nematoscelis_difficilis_calyptopis_C2_Abundance,Nematoscelis_difficilis_calyptopis_C3_Abundance,Nematoscelis_difficilis_damaged_Abundance,Nematoscelis_difficilis_furcilia_Abundance,Nematoscelis_difficilis_furcilia_F1_Abundance,Nematoscelis_difficilis_furcilia_F2_Abundance,Nematoscelis_difficilis_furcilia_F3_Abundance,Nematoscelis_difficilis_juvenile_Abundance,Nematoscelis_difficilis_larvae_Abundance,Nematoscelis_difficilis_metanauplius_Abundance,Thysanoessa_gregaria_adult_Abundance,Thysanoessa_gregaria_calyptopis_Abundance,Thysanoessa_gregaria_calyptopis_C1_Abundance,Thysanoessa_gregaria_calyptopis_C2_Abundance,Thysanoessa_gregaria_calyptopis_C3_Abundance,Thysanoessa_gregaria_damaged_Abundance,Thysanoessa_gregaria_furcilia_Abundance,Thysanoessa_gregaria_furcilia_F1_Abundance,Thysanoessa_gregaria_furcilia_F2_Abundance,Thysanoessa_gregaria_furcilia_F3_Abundance,Thysanoessa_gregaria_furcilia_F4_Abundance,Thysanoessa_gregaria_furcilia_F5_Abundance,Thysanoessa_gregaria_furcilia_F6_Abundance,Thysanoessa_gregaria_juvenile_Abundance,Thysanoessa_gregaria_larvae_Abundance
1984,1,090.0 100.0,1984-01-09,9,31.0846,-122.662,2234.6499999999996,1980.65,11,NA,33.338499999999996,8.119609036402775,8.119609036402775,4751,CALCOFI 8401,NEW HORIZON,1984-01-08,8,SC,90,100,195,31.083,-122.65,1984-01-08T18:10:00Z,1984-01-08T18:31:00Z,0,0,0,0,0,0,0,0,0,0,0,0,0,0,0,0,0,0,0,0,0,0,0,0,0,0,0,0,0,0,0,0,0,0,0,0,0,0,0,0,0,0,0,0,0,0,0,0,0,0,0,0,0,0,0,0,0,0,0,0,0,1.365,0,11.895,0,0,0,0,0,0,0,1.365,0,0,0,1.365,7.02,0,27.105,0,0,0,23.4,0,0,40.755,29.25,11.7,11.7,0,2.925,0,0,5.85,0,0,0,5.655,0,1.365,1.365,0,0,0,0,0,0,0,4.29,0,0,0,0,0,1.365,0,0,0,0,0,0,0,0,5.85,0,0,0,0,0
1984,1,093.3 090.0,1984-01-09,9,30.8464,-121.5896,2251.3,1987.9,9,NA,33.551,8.120271522867835,8.120271522867835,4759,CALCOFI 8401,NEW HORIZON,1984-01-09,9,SC,93.3,90,191,30.85,-121.583,1984-01-09T06:15:00Z,1984-01-09T06:36:00Z,0,0,0,0,0,0,0,0,0,0,0,0,0,0,0,0,0,0,0,0,0,0,0,0,0,0,0,0,0,0,0,0,0,0,0,0,0,0,0,0,0,0,0,0,0,0,0,0,0,0,0,0,0,0,0,0,0,0,0,0,0,0.382,0,6.685,0,0,0,0,0,0,0.382,0,0,0,0,0,2.483,0,2.865,0,0,0,0,0,0,6.494,0.955,2.101,0,0,0,0,0,25.976,0,124.723,38.773,5.539,0,0,0,0,0,0,0,0,0,0,0,0,0,0,0,0,0.382,0,0,0,0,0,0,0,0,0,0,0,0,0,0
1984,2,090.0 090.0,1984-02-21,21,31.4179,-121.99,2237.1,1985.6,10,NA,33.302,8.13522466183701,8.13522466183701,4899,CALCOFI 8402,NEW HORIZON,1984-02-20,20,SC,90,90,205,31.417,-122,1984-02-20T22:56:00Z,1984-02-20T23:18:00Z,0,0,0,0,0,0,0,0,0,0,0,0,0,0,0,0,0,0,0,0,0,0,0,0,0,0,0,0,0,0,0,0,0,0,0,0,0,0,0,0,0,0,0,0,0,0,0.41,0,0,0,0,0,0,0,0,0,0,0,0,0,0,0,0,0.41,0,0,0,0,0,0,0,0,0,0,0,0,0,0,47.765,0,0,15.375,11.48,19.065,0,7.585,7.585,0,0,0,11.48,11.48,0,2.87,0,0,2.05,2.05,0,0,1.025,0,0,0,3.895,3.895,0,0,0,0,0,0.41,0,0,2.05,0,0,0,0,1.025,0,0,0,0,0,0,0,0,0
1984,2,093.3 090.0,1984-02-26,26,30.8464,-121.5896,2240.8,1989.3,12,NA,33.4345,8.12839125748289,8.12839125748289,4908,CALCOFI 8402,NEW HORIZON,1984-02-26,26,SC,93.3,90,218,30.817,-121.583,1984-02-26T12:35:00Z,1984-02-26T12:56:00Z,0,0,0,0,0,0,0,0,0,0,0,0,0,0,0,0,0,0,0,0,0,0,0,0,0,0,0,0,0,0,0,0,0,0,0,0,0,0,0,0,0,0,0,0,0,0,0,0,0,0,0,0,0,0,0,0,0,0,0,0,0,0,0,0,0,2.18,0,0,0,0,0,0,0,0,0,0,0,0,0,0,0,8.284,16.568,0,0,4.142,4.142,0,0,0.436,0,0,0,2.18,0,2.18,2.18,0,2.18,4.36,0,0,0,0,0,0,0,0,2.18,0,0,0.436,0,0,0,0,0,0,0,0,0,4.36,4.142,2.18,0,0,0,0,0
1984,6,090.0 100.0,1984-06-23,23,31.0846,-122.662,2233.6,1999.4,10,NA,33.3395,8.099821876684615,8.099821876684615,5103,CALCOFI 8406,NEW HORIZON,1984-06-23,23,SC,90,100,213,31.083,-122.65,1984-06-23T08:15:00Z,1984-06-23T08:36:00Z,16.827,0,0,0,0,168.909,0,0,0,0,16.827,0,0,0,67.521,0,0,0,0,0,0,0,0,0,0,0,0,0,0,0,0,0,0,4.26,0,0,0,4.26,0,0,4.26,12.567,0,0,0,0,4.26,0,0,0,0,0,0,0,0,0,0,0,0,0,0,0,0,0,0,0,0,0,0,0,0,0,0,0,0,0,4.26,0,4.26,0,0,0,0,0,0,0,0,0,0,0,0,0,0,0,0,0,0,0,0,0,0,0,0,0,16.827,16.827,0,0,0,33.654,67.521,122.475,0,0,0,0,0,0,0,0,0,16.827,50.694,33.654,0,0,0,8.52,0
1985,2,090.0 070.0,1985-02-25,25.333333333333332,32.0846,-120.6387,2223.4,1990.9,10,NA,33.362,8.10826126730225,8.10826126730225,5238,CALCOFI 8502,MCARTHUR,1985-02-24,24,SC,90,70,209,32.083,-120.65,1985-02-24T21:05:00Z,1985-02-24T21:26:00Z,3.342,30.077,0,0,0,0,26.735,0,0,0,0,0,0,0,20.051,0,0,0,0,0,0,0,0,0,0,0,0,0,0,0,0,0,0,0,0,0,0,0,0,0,0,0,0,0,0,0,3.342,0,0,0,0,0,0,0,0,0,0,0,0,0,0,0,0,10.026,3.342,0,0,0,0,0,0,0,0,0,0,0,0,0,6.684,6.684,0,0,0,0,3.342,0,0,0,0,0,0,0,0,3.342,0,0,0,3.342,0,0,3.342,0,50.129,0,0,0,0,53.471,0,0,0,6.684,0,0,0,0,0,0,0,0,26.735,0,0,0,0,0,0,0,0
1985,5,090.0 070.0,1985-05-06,6.333333333333333,32.0846,-120.6387,2217.9,1997.2,11,NA,33.278,8.108840412763863,8.108840412763863,5324,CALCOFI 8505,DAVID STARR JORDAN,1985-05-06,6,SC,90,70,208,32.083,-120.633,1985-05-06T11:10:00Z,1985-05-06T11:31:00Z,0,78.433,0,0,0,0,135.475,0,0,0,0,0,0,0,0,0,0,0,0,0,0,0,0,0,0,0,0,0,0,0,0,0,0,0,0,0,0,0,0,0,0,0,0,0,0,0,0,0,0,0,0,0,0,0,0,0,0,0,0,0,0,0,0,0,0,0,0,0,0,0,0,0,0,0,0,0,0,0,0,0,0,0,0,0,0,0,0,0,0,0,0,0,0,0,0,0,7.13,0,0,0,0,0,64.172,0,0,0,0,0,0,0,0,0,0,0,0,0,0,0,0,0,0,0,0,0,0,0,0,0,0
1988,1,090.0 070.0,1988-01-24,24,32.0846,-120.6387,2232.366666666667,2003.5,16,NA,33.383,8.110992772759136,8.110992772759136,5560,CALCOFI 8801,DAVID STARR JORDAN,1988-01-24,24,SC,90,70,216,32.083,-120.65,1988-01-24T05:27:00Z,1988-01-24T05:48:00Z,0,0,0,0,0,0,5.033,0,0,0,0,0,0,0,25.164,0,0,0,0,0,0,0,0,0,0,0,0,0,0,0,0,0,0,5.033,0,0,0,0,0,125.82,0,0,0,0,0,0,5.033,0,0,0,0,0,0,0,0,0,0,0,0,0,0,1.887,0,0,0,0,0,0,0,0,0,0,0,0,0,0,1.887,0,7.548,0,0,0,0,0,0,0,0,0,0,0,0,5.033,0,5.033,0,5.033,5.033,0,0,0,0,10.066,60.394,0,0,0,0,161.05,0,0,0,15.098,0,0,15.098,5.033,0,0,0,0,60.394,0,0,0,0,0,0,10.066,0
1988,5,090.0 070.0,1988-05-04,4,32.0846,-120.6387,2220.633333333333,1996.5333333333333,11,NA,33.30233333333333,8.087050063089027,8.087050063089027,5610,CALCOFI 8805,DAVID STARR JORDAN,1988-05-03,3,SC,90,70,215,32.083,-120.633,1988-05-03T22:28:00Z,1988-05-03T22:49:00Z,0,0,0,0,0,0,4.274,0,0,0,0,0,0,0,34.194,0,0,0,0,0,0,0,0,0,0,0,0,0,0,0,0,0,0,0,0,0,0,0,0,0,0,0,0,0,0,0,0,0,0,0,0,0,0,0,0,0,0,0,0,0,0,0,0,0,0,0,0,0,0,4.274,0,0,0,0,0,0,12.823,0,0,0,0,0,0,0,0,0,0,0,0,0,0,4.274,0,0,0,0,0,4.274,0,0,0,4.274,17.097,0,0,0,0,4.274,0,0,0,21.371,0,0,4.274,0,0,0,0,0,8.548,0,0,0,0,0,0,25.645,0
1989,1,090.0 070.0,1989-01-25,25.333333333333332,32.0846,-120.6387,2230.8,2004.3,10,NA,33.39833333333333,8.11244342056245,8.11244342056245,5652,CALCOFI 8901,DAVID STARR JORDAN,1989-01-24,24,SC,90,70,219,32.083,-120.633,1989-01-24T22:00:00Z,1989-01-24T22:22:00Z,14.204,0,0,0,0,0,23.674,0,0,0,0,0,0,0,7.102,0,0,0,0,0,0,0,0,0,0,0,0,0,0,0,0,0,0,0,0,0,0,0,0,0,0,0,0,0,0,0,0,0,0,0,0,0,0,0,0,0,0,0,0,0,0,0,0,9.47,0,0,0,0,0,0,0,0,0,0,0,0,0,0,2.367,0,0,0,0,0,14.204,0,0,0,0,0,0,9.47,0,0,0,0,0,0,0,0,0,7.102,9.47,0,0,0,0,16.572,0,0,0,7.102,0,0,0,0,0,0,0,0,0,0,0,0,0,0,0,0,0
1989,4,090.0 070.0,1989-04-21,21.333333333333332,32.0846,-120.6387,2222.4,1995.6666666666667,10,NA,33.284,8.08862807378971,8.08862807378971,5699,CALCOFI 8904,DAVID STARR JORDAN,1989-04-21,21,SC,90,70,209,32.083,-120.633,1989-04-21T05:58:00Z,1989-04-21T06:19:00Z,0,0,0,0,0,0,0,0,0,0,0,0,0,0,28.873,0,0,0,0,0,0,0,0,0,0,0,0,0,0,0,0,0,0,0,0,0,0,0,0,0,0,0,0,0,0,0,0,0,0,0,0,0,0,0,0,0,0,0,0,0,0,0,0,0,0,0,0,0,0,0,0,0,0,0,0,0,0,0,0,0,0,0,0,0,0,0,0,0,0,0,0,0,0,0,0,0,0,5.775,0,0,0,0,0,0,0,0,0,1.925,0,0,0,26.948,0,0,3.85,0,0,0,0,0,7.7,0,0,0,0,0,0,17.324,0
1990,3,090.0 070.0,1990-03-09,9.333333333333334,32.0846,-120.6387,2229,2007.6666666666667,10,NA,33.539,8.096861019852707,8.096861019852707,5792,CALCOFI 9003,DAVID STARR JORDAN,1990-03-09,9,SC,90,70,225,32.083,-120.633,1990-03-09T17:05:00Z,1990-03-09T17:26:00Z,0,0,0,0,0,0,15.75,0,0,0,0,0,0,0,118.125,0,0,0,0,0,0,0,0,0,0,0,0,0,0,0,0,0,0,0,0,0,0,0,0,0,0,0,0,0,0,0,0,0,0,0,0,0,0,0,0,0,0,0,0,0,0,0,0,0,2.025,0,0,0,0,5.85,0,0,0,0,0,0,0,0,2.025,0,0,0,0,0,31.5,0,0,0,0,0,0,5.85,0,0,0,0,0,0,0,0,0,0,0,0,0,0,0,15.75,0,0,0,724.725,0,0,2.025,0,0,0,0,0,23.625,0,0,0,0,0,0,15.75,0
1990,3,090.0 090.0,1990-03-09,9.333333333333334,31.4179,-121.99,2225.0666666666666,2002.3,10,NA,33.404,8.10317906602101,8.10317906602101,5790,CALCOFI 9003,DAVID STARR JORDAN,1990-03-08,8,SC,90,90,225,31.417,-121.983,1990-03-08T20:44:00Z,1990-03-08T21:05:00Z,0,0,0,0,0,0,70.65,0,0,0,0,0,0,0,31.5,0,0,0,0,0,0,0,0,0,0,0,0,0,0,0,0,0,0,0,0,0,0,0,0,0,0,0,0,0,0,0,0,0,0,0,0,0,0,0,0,0,0,0,0,0,0,0,0,0,0,0,0,0,0,3.825,0,0,0,0,0,0,0,0,11.7,7.875,0,0,0,0,31.5,0,0,0,0,0,0,7.875,0,0,0,0,0,7.875,0,0,0,11.7,94.275,0,0,0,0,204.3,0,0,0,416.475,0,0,31.5,0,0,0,0,0,78.525,0,0,0,0,0,0,86.4,0
1990,4,090.0 070.0,1990-04-22,22.333333333333332,32.0846,-120.6387,2219,1996.2,10,NA,33.302,8.09352545034103,8.09352545034103,5858,CALCOFI 9004,DAVID STARR JORDAN,1990-04-22,22,SC,90,70,204,32.083,-120.633,1990-04-22T01:13:00Z,1990-04-22T01:34:00Z,1.632,0,0,0,0,0,16.932,0,0,0,0,0,0,0,37.332,0,0,0,0,0,0,0,0,0,0,0,0,0,0,0,0,0,0,4.284,0,0,0,0,0,0,0,0,0,0,0,0,1.632,0,0,0,0,0,0,0,0,0,0,0,0,0,0,0,0,0.816,0,0,0,0,0,1.632,0,0,0,0,0,0,0.816,0,2.448,0.816,0,0,0,0,0,0,0,0,0,0,0,0,0,0,0,0.816,0,0,0,0,0,81.396,27.132,0,0,0,0,3.468,0,0,0,54.264,0,0,13.668,0,0,0,0,0,23.664,0,0,0,0,0,0,27.132,0
1990,4,090.0 090.0,1990-04-21,21.333333333333332,31.4179,-121.99,2229.6,2000.2,10,NA,33.464,8.085033975345889,8.085033975345889,5854,CALCOFI 9004,DAVID STARR JORDAN,1990-04-21,21,SC,90,90,221,31.417,-121.983,1990-04-21T11:32:00Z,1990-04-21T11:53:00Z,0,0,0,0,0,0,0,0,0,0,0,0,0,0,3.094,0,0,0,0,0,0,0,0,0,0,0,0,0,0,0,0,0,0,0.442,0,0,0,0,0,1.547,0,0,0,0,0,0,0,0,0,0,0,0,0,0,0,0,0,0,0,0,0,0,0,0,0,0,0,0,0,0,0,0,0,0,0,0,0,0,0,0,0,0,0,0,0,0,0,0,0,0,0,0,0,6.63,0,1.547,5.083,0,0,0,0,0,0,0,0,0,0,23.205,0,0,0,1.547,0,0,1.547,0,0,0,0,0,0,0,0,0,0,0,0,0,0
1990,4,090.0 120.0,1990-04-21,21.333333333333332,30.4179,-123.9989,2239.8,2022.2333333333333,10,NA,33.648,8.037030168413526,8.037030168413526,5849,CALCOFI 9004,DAVID STARR JORDAN,1990-04-20,20,SC,90,120,212,30.417,-124,1990-04-20T17:00:00Z,1990-04-20T17:21:00Z,0,0,0,0,0,0,0,0,0,0,0,0,0,0,0,0,0,0,0,0,0,0,0,0,0,0,0,0,0,0,0,0,0,0,0,0,0,0,0,0,0,0,0,0,0,0,0,0,0,0,0,0,0,0,0,0,0,0,0,0,0,0,0,0,8.692,0,0,0,0,1.484,0,0,0,0,0,0,0,0,1.484,0,0,0,0,0,7.208,0,0,0,0,0,0,0,0,2.968,0,0,1.484,0,0,0,1.06,0,0,0,0,0,0,0,0,0,0,0.424,0,0,1.06,0,0,0,0,0,0,0,0,0,0,0,0,0.424,0
1991,3,090.0 090.0,1991-03-02,2.3333333333333335,31.4179,-121.99,2237.4666666666667,2001.9666666666667,10,NA,33.594,8.0899465554957,8.0899465554957,5947,CALCOFI 9103,DAVID STARR JORDAN,1991-03-02,2,SC,90,90,216,31.417,-121.983,1991-03-02T22:26:00Z,1991-03-02T22:47:00Z,0,0,0,0,0,0,0,0,0,0,0,0,0,0,1.728,0,0,0,0,0,0,0,0,0,0,0,0,0,0,0,0,0,0,0,0,0,0,0,0,0,0,0,0,0,0,0,0,0,0,0,0,0,0,0,0,0,0,0,0,0,0,0,0,0.864,5.832,0,0,0,0,1.944,0,0,0,0,0,0,0,0,6.696,11.448,0,0,0,0,26.784,0,0,0,0,0,0,1.944,0,7.776,0,1.944,3.888,3.888,1.944,9.504,1.944,0,0,0,0,0,0,9.504,0,0,0,0,0,0,1.728,0,0,0,0,0,28.512,0,0,0,0,0,0,0,0
1991,3,090.0 120.0,1991-03-02,2.3333333333333335,30.4179,-123.9989,2259.8,2007.1333333333332,10,NA,33.98,8.098481065480833,8.098481065480833,5946,CALCOFI 9103,DAVID STARR JORDAN,1991-03-02,2,SC,90,120,212,30.417,-124,1991-03-02T03:12:00Z,1991-03-02T03:33:00Z,0,0,0,0,0,0,0,0,0,0,0,0,0,0,0,0,0,0,0,0,0,0,0,0,0,0,0,0,0,0,0,0,0,0,0,0,0,0,0,0,0,0,0,0,0,0,0,0,0,0,0,0,0,0,0,0,0,0,0,0,0,0,0,0,1.908,0,0,0,0,0,0,0,0,0,0,0,0.848,0,1.696,1.908,0,0,0,0,7.632,0,0,0,0,0,0,1.908,0,0,0,1.908,3.604,21.836,3.816,1.908,1.908,0,0,0,0,0,0,0,0,0,0,0,0,0,0,0,0,0,0,0,0,0,0,0,0,0,0,0.848,0
1993,4,090.0 090.0,1993-04-03,3,31.4179,-121.99,2212.5,1985.1,10,15.09,33.116,8.09776985810718,8.09776985810718,6161,CALCOFI 9304,DAVID STARR JORDAN,1993-04-03,3,SC,90,90,217,31.417,-121.983,1993-04-03T17:05:00Z,1993-04-03T17:26:00Z,0,0,0,0,0,0,80.55,0,0,0,0,0,0,0,20.138,0,0,0,0,0,0,0,0,0,0,0,0,0,0,0,0,0,0,0,0,0,0,0,0,20.138,0,0,0,0,0,0,8.055,0,0,0,0,0,0,0,0,0,0,0,0,0,0,0,0,0,0,0,0,0,0,0,0,0,0,0,0,0,4.028,0,0,0,0,0,0,0,0,0,0,0,0,0,0,0,0,0,0,0,4.028,0,0,0,0,0,20.138,0,0,0,0,40.275,0,0,0,48.33,0,0,4.028,0,0,0,0,0,0,0,0,0,0,0,0,12.083,0
1996,4,090.0 090.0,1996-04-18,18,31.4179,-121.99,2227.6,1995,10,17.19,33.48,8.0675786290323,8.0675786290323,6426,CALCOFI 9604,DAVID STARR JORDAN,1996-04-19,19,SC,90,90,213,31.417,-122,1996-04-19T23:44:00Z,1996-04-20T00:05:00Z,0,0,0,0,0,0,0,0,0,0,0,0,0,0,0,0,0,0,0,0,0,0,0,0,0,0,0,0,0,0,0,0,0,0,0,0,0,0,0,0,0,0,0,0,0,0,0,0,0,0,0,0,0,0,0,0,0,0,0,0,0,0,0,3.796,3.796,0,0,0,0,3.796,0,0,0,0,0,0,0,0,3.796,7.591,0,0,0,0,15.183,0,0,0,0,0,0,0,0,0,0,3.796,0,3.796,0,3.796,0,0,0,0,0,0,0,0,0,0,0,0,0,0,0,0,0,0,0,0,3.796,0,0,0,0,0,0,3.796,0
1999,1,090.0 090.0,1999-01-13,13,31.4179,-121.99,2218.2,2002.1,10,14.09,33.329,8.08367489341206,8.08367489341206,6677,CALCOFI 9901,ROGER REVELLE,1999-01-13,13,SC,90,90,224,31.417,-121.983,1999-01-13T08:26:00Z,1999-01-13T08:47:00Z,0,0,0,0,0,0,1.743,0,0,0,0,0,0,0,0,0,0,0,0,0,0,0,0,0,0,0,0,0,0,0,0,0,0,0,0,0,0,0,0,1.743,0,0,0,0,0,0,1.743,0,0,0,0,0,0,0,0,0,0,0,0,0,0,0,0,0,0,0,0,0,0,0,0,0,0,0,0,0,1.743,0,6.971,0,0,0,0,0,1.743,0,0,0,0,0,0,20.913,0,1.743,0,0,1.743,1.743,0,0,0,0,0,0,0,0,0,0,0,0,0,5.228,0,0,1.743,0,0,0,0,0,6.971,0,0,0,0,0,0,0,0
1999,4,090.0 090.0,1999-04-05,5,31.4179,-121.99,2204.6,1997.3,10,13.34,33.053,8.08105288337959,8.08105288337959,6729,CALCOFI 9904,DAVID STARR JORDAN,1999-04-05,5,SC,90,90,216,31.417,-121.983,1999-04-05T17:07:00Z,1999-04-05T17:28:00Z,0,0,0,0,0,0,21.954,0,0,0,0,0,0,0,12.545,0,0,0,0,0,0,0,0,0,0,0,0,0,0,0,0,0,0,0,0,0,0,0,0,0,0,0,0,0,0,0,0,0,0,0,0,0,0,0,0,0,0,0,0,0,0,0,0,0,0,0,0,0,0,0,0,0,0,0,0,0,0,0,0,0,0,0,0,0,0,0,0,0,0,0,0,0,0,0,0,0,0,0,0,0,0,0,0,0,0,0,0,9.409,0,0,0,9.409,0,0,0,0,0,0,0,0,21.954,0,0,0,0,0,0,3.136,0
2000,1,090.0 090.0,2000-01-11,11,31.4179,-121.99,2228.1,2000.6,10,14.13,33.411,8.10442832637923,8.10442832637923,6786,CALCOFI 0001,NEW HORIZON,2000-01-11,11,SC,90,90,207,31.417,-121.983,2000-01-11T19:27:00Z,2000-01-11T19:48:00Z,0,4.149,0,0,0,0,12.447,0,0,0,0,0,0,0,4.149,0,0,0,0,0,0,0,0,0,0,0,0,0,0,0,0,0,0,0,0,0,0,0,0,0,0,0,0,0,0,0,0,0,0,0,0,0,0,0,0,0,0,0,0,0,0,0,0,8.298,4.149,0,0,0,0,0,0,0,0,0,0,0,8.298,0,20.746,0,0,0,0,0,0,0,0,0,0,0,0,20.746,0,0,0,0,0,0,0,0,0,4.149,62.237,0,0,0,0,224.053,0,0,0,37.342,0,0,12.447,0,0,0,0,0,45.64,0,0,0,0,0,0,0,0
2000,4,090.0 090.0,2000-04-10,10,31.4179,-121.99,2222.6,2010.3,10,14.3,33.37,8.06772283700194,8.06772283700194,6845,CALCOFI 0004,DAVID STARR JORDAN,2000-04-11,11,SC,90,90,214,31.417,-122,2000-04-11T17:44:00Z,2000-04-11T18:05:00Z,0,230.885,0,0,0,0,1685.458,0,0,0,0,0,0,0,277.062,0,0,0,0,0,0,0,0,0,0,0,0,0,0,0,0,0,0,0,0,0,0,0,0,0,0,0,0,0,0,0,0,0,0,0,0,0,0,0,0,0,0,0,0,0,0,0,0,0,0,0,0,0,0,0,0,0,0,0,0,0,0,0,0,0,0,0,0,0,23.088,0,0,0,0,0,0,0,0,0,0,0,0,0,0,0,0,0,23.088,0,0,0,0,46.177,0,0,0,0,0,0,0,0,0,0,0,0,0,0,0,0,0,0,0,0,0
2001,4,090.0 090.0,2001-04-11,11,31.4179,-121.99,2240,2010.6,10,15.16,33.636,8.08821959901424,8.08821959901424,6928,CALCOFI 0104,DAVID STARR JORDAN,2001-04-11,11,SC,90,90,219,31.417,-122,2001-04-11T00:44:00Z,2001-04-11T01:05:00Z,0,0,0,0,0,0,0,0,0,0,0,0,0,0,0,0,0,0,0,0,0,0,0,0,0,0,0,0,0,0,0,0,0,0,0,0,0,0,0,0,0,0,0,0,0,0,0,0,0,0,0,0,0,0,0,0,0,0,0,0,0,0,0,4.38,0,0,0,0,0,13.14,0,0,0,0,0,0,0,0,17.52,4.38,0,0,0,0,35.04,0,0,0,0,0,0,21.9,0,0,0,8.76,17.52,8.76,0,4.38,4.38,0,0,0,0,0,0,8.76,0,0,0,0,0,0,4.38,0,0,0,0,0,17.52,0,0,0,0,0,0,4.38,0
2009,1,080.0 055.0,2009-01-01,1,34.3167,-120.8024,2261.7666666666664,2181.516666666667,193.66666666666669,9.735,33.875,7.759257762674565,7.759257762674565,7200,CALCOFI 0901,NEW HORIZON,2009-01-19,19,SC,80,55,215,34.317,-120.8,2009-01-19T21:19:00Z,2009-01-19T21:40:00Z,184.9,16.125,0,0,0,0,40.205,0,0,0,0,0,0,0,4.085,0,0,0,0,0,0,0,0,0,0,0,0,0,0,0,0,0,0,0,0,0,0,0,0,0,0,0,0,0,0,0,0,0,0,0,0,0,0,0,0,0,0,0,0,0,0,0,0,0,0,0,0,0,0,0,0,0,0,0,0,0,0,0,0,0,0,0,0,0,0,0,0,0,0,0,0,0,0,0,0,0,0,0,0,0,0,0,19.995,0,0,0,0,4.085,0,0,0,4.085,0,0,1.935,0,0,0,0,0,0,0,0,0,0,0,0,1.935,0
2009,1,086.7 045.0,2009-01-01,1,33.4895,-119.3191,2255.9714285714285,2157.0428571428574,169.42857142857142,10.32857142857143,33.80571428571429,7.803092902966646,7.803092902966646,7194,CALCOFI 0901,NEW HORIZON,2009-01-14,14,SC,86.7,45,191,33.5,-119.317,2009-01-14T20:54:00Z,2009-01-14T21:15:00Z,7.067,26.74,0,0,0,0,16.044,0,0,0,0,0,0,0,0,0,0,0,0,0,0,0,0,0,0,0,0,0,0,0,0,0,0,0,0,0,0,0,0,0,0,0,0,0,0,0,0,0,0,0,0,0,0,0,0,0,0,0,0,0,0,0,0,0,0,0,0,0,0,0,0,0,0,0,0,0,0,0,1.719,0,0,0,0,0,0,0,0,0,0,0,0,0,0,0,0,0,0,0,0,0,0,1.719,53.48,0,0,0,0,10.696,0,0,0,5.348,0,0,0,0,0,0,0,0,0,0,0,0,0,0,0,0,0
2009,3,080.0 055.0,2009-03-01,1,34.3167,-120.8024,2258.7285714285713,2170.457142857143,168.85714285714283,9.694285714285714,33.822857142857146,7.784565652744153,7.784565652744153,7228,CALCOFI 0903,DAVID STARR JORDAN,2009-03-20,20,SC,80,55,216,34.32,-120.8,2009-03-20T01:22:00Z,2009-03-20T01:43:00Z,40.392,186.84,0,0,0,0,199.584,0,0,0,0,0,0,0,46.656,0,0,0,0,0,0,0,0,2.16,0,0,0,0,0,0,0,0,0,0,0,0,0,0,0,0,0,0,0,0,0,0,0,0,0,0,0,0,0,0,0,0,0,0,0,0,0,0,0,0,0,0,0,0,0,0,0,0,0,0,0,0,0,0,0,0,0,0,0,0,0,0,0,0,0,0,0,0,0,0,0,0,0,0,0,0,0,23.328,428.76,0,0,0,0,335.448,0,0,0,84.888,0,0,2.16,0,0,0,0,0,2.16,0,0,0,0,0,0,2.16,0
2009,3,086.7 045.0,2009-03-01,1,33.4895,-119.3191,2261.5285714285715,2169.014285714286,165.57142857142858,10.092857142857143,33.85142857142857,7.788676142619521,7.788676142619521,7220,CALCOFI 0903,DAVID STARR JORDAN,2009-03-15,15,SC,86.7,45,211,33.5,-119.32,2009-03-15T03:06:00Z,2009-03-15T03:27:00Z,91.363,1120.199,0,0,0,0,1600.435,0,0,0,0,0,0,0,53.383,0,0,0,49.585,0,0,0,0,133.352,0,0,0,0,0,0,0,0,0,0,0,0,0,0,0,0,0,0,0,0,0,0,0,0,0,0,0,0,0,0,0,0,0,0,0,0,0,0,0,0,0,0,0,0,0,0,0,0,0,0,0,0,0,0,0,0,0,0,0,0,0,0,0,0,0,0,0,0,0,0,0,0,0,0,0,0,0,7.596,26.586,0,0,0,0,41.989,0,0,0,57.181,0,0,0,0,0,0,0,0,0,0,0,0,0,0,0,0,0
2011,4,080.0 080.0,2011-04-01,1,33.4833,-122.5333,2251.442857142857,2156.6285714285714,200,9.65857142857143,33.62285714285714,7.803025794662265,7.803025794662265,7282,CALCOFI 1104,BELL M. SHIMADA,2011-04-24,24,SC,80,80,217,33.483,-122.533,2011-04-24T03:15:00Z,2011-04-24T03:36:00Z,0,2.17,0,0,0,0,33.852,0,0,0,0,0,0,0,27.559,0,0,0,0,0,0,0,0,0,0,0,0,0,0,0,0,0,0,0,0,0,0,0,0,0,0,0,0,0,0,0,0,0,0,0,0,0,0,0,0,0,0,0,0,0,0,0,0,0,10.633,0,0,0,0,4.123,0,0,0,0,0,0,0,0,10.633,6.293,0,0,0,0,8.463,0,0,0,0,0,0,8.463,0,0,0,4.123,0,4.123,0,0,4.123,2.17,133.021,0,0,0,0,88.753,0,0,0,37.975,0,0,2.17,0,0,0,0,0,2.17,0,0,0,0,0,0,6.293,0
2011,4,090.0 030.0,2011-04-01,1,33.4179,-117.9058,2258.3142857142857,2178.9714285714285,170,10.228571428571428,33.847142857142856,7.748886033367017,7.748886033367017,7274,CALCOFI 1104,BELL M. SHIMADA,2011-04-17,17,SC,90,30,214,33.417,-117.9,2011-04-17T04:42:00Z,2011-04-17T05:03:00Z,99.082,0,0,0,0,0,32.956,0,0,0,0,0,0,0,90.736,0,0,0,0,0,0,0,0,2.14,0,0,0,0,0,0,0,0,0,0,0,0,0,0,0,0,0,0,0,0,0,0,0,0,0,0,0,0,0,0,0,0,0,0,0,0,0,0,0,0,0,0,0,0,0,0,0,0,0,0,0,0,0,0,0,0,0,0,0,0,0,0,0,0,0,0,0,0,0,0,0,0,0,0,0,0,0,24.824,0,0,0,0,0,16.478,0,0,0,82.604,0,0,2.14,0,0,0,0,0,8.346,0,0,0,0,0,0,32.956,0
2011,4,090.0 060.0,2011-04-01,1,32.4179,-119.9593,2261.7625,2170.975,178.5,9.81,33.84375,7.785765611201904,7.785765611201904,7271,CALCOFI 1104,BELL M. SHIMADA,2011-04-15,15,SC,90,60,213,32.417,-119.967,2011-04-15T19:47:00Z,2011-04-15T20:10:00Z,34.506,301.395,0,0,0,0,113.103,0,0,0,0,0,0,0,310.341,0,0,0,0,0,0,0,0,68.586,0,0,0,0,0,0,0,0,0,0,0,0,0,0,0,0,0,0,0,0,0,0,0,0,0,0,0,0,0,0,0,0,0,0,0,0,0,0,0,0,0,0,0,0,0,0,0,0,0,0,0,0,0,0,0,0,0,0,0,0,0,0,0,0,0,0,0,0,0,0,0,0,0,0,0,0,0,5.112,147.396,0,0,0,0,122.688,0,0,0,54.102,0,0,9.798,5.112,0,0,0,0,5.112,0,0,0,0,0,0,5.112,0
2011,4,093.3 030.0,2011-04-01,1,32.8464,-117.5312,2262.3142857142857,2187.4,170.42857142857142,10.088571428571429,33.9,7.736616782510469,7.736616782510469,7269,CALCOFI 1104,BELL M. SHIMADA,2011-04-10,10,SC,93.3,30,212,32.85,-117.533,2011-04-10T02:48:00Z,2011-04-10T03:07:00Z,110.24,19.504,0,0,0,0,30.316,0,0,0,0,0,0,0,21.624,0,0,0,2.12,0,0,0,0,60.632,0,0,0,0,0,0,0,0,0,0,0,0,0,0,0,0,0,0,0,0,0,0,0,0,0,0,0,0,0,0,0,0,0,0,0,0,0,0,0,0,0,0,0,0,0,0,0,0,0,0,0,0,0,0,0,0,0,0,0,0,0,0,0,0,0,0,0,0,0,0,0,0,0,0,0,0,0,21.624,6.572,0,0,0,0,8.692,0,0,0,34.556,0,0,0,0,0,0,0,0,0,0,0,0,0,0,0,12.932,0
2012,3,090.0 030.0,2012-03-01,1,33.4179,-117.9058,2268.6375,2184.9,177.5,10.12,33.94375,7.764437998505736,7.764437998505736,7296,CALCOFI 1203,BELL M. SHIMADA,2012-03-30,30,SC,90,30,205,33.417,-117.9,2012-03-30T02:28:00Z,2012-03-30T02:49:00Z,7.585,187.985,0,0,0,0,1045.705,0,0,0,0,0,0,0,7.585,0,0,0,41.41,0,0,0,0,63.96,0,0,0,0,0,0,0,0,0,0,0,0,0,0,0,0,0,0,0,0,0,0,0,0,0,0,0,0,0,0,0,0,0,0,0,0,0,0,0,0,0,0,0,0,0,0,0,0,0,0,0,0,0,0,0,0,0,0,0,0,0,0,0,0,0,0,0,0,0,0,0,0,0,0,0,0,0,3.69,158.055,0,0,0,0,173.02,0,0,0,60.27,0,0,11.275,3.69,0,0,0,0,30.135,0,0,0,0,0,0,3.69,0
2012,3,090.0 060.0,2012-03-01,1,32.4179,-119.9593,2257.0125,2158.7875,178,10.1875,33.82125,7.802921794716286,7.802921794716286,7292,CALCOFI 1203,BELL M. SHIMADA,2012-03-29,29,SC,90,60,193,32.417,-119.95,2012-03-29T04:24:00Z,2012-03-29T04:44:00Z,12.352,12.352,0,0,0,0,71.024,0,0,0,0,0,0,0,15.44,0,0,0,0,0,0,0,0,0,0,0,0,0,0,0,0,0,0,0,0,0,0,0,0,0,0,0,0,0,0,0,0,0,0,0,0,0,0,0,0,0,0,0,0,0,0,0,0,0,0,0,0,0,0,0,0,0,0,0,0,0,3.088,0,0,0,0,0,0,0,0,0,0,0,0,0,0,0,0,0,0,3.088,0,0,0,0,0,37.056,74.112,0,0,0,0,228.512,0,0,0,98.816,0,0,12.352,0,0,0,0,0,18.528,0,0,0,0,0,0,6.176,0
2012,3,093.3 030.0,2012-03-01,1,32.8464,-117.5312,2283.675,2197.975,177.625,9.92,34.0025,7.7621684193556835,7.7621684193556835,7285,CALCOFI 1203,BELL M. SHIMADA,2012-03-25,25,SC,93.3,30,205,32.85,-117.533,2012-03-25T03:35:00Z,2012-03-25T03:55:00Z,19.68,244.36,0,0,0,0,441.57,0,0,0,0,0,0,0,27.675,0,0,7.79,78.925,0,0,0,0,362.645,0,0,0,0,0,0,0,0,0,0,0,0,0,0,0,0,0,0,0,0,0,0,0,0,0,0,0,0,0,0,0,0,0,0,0,0,0,0,0,0,0,0,0,0,0,0,0,0,0,0,0,0,0,0,0,0,0,0,0,0,0,0,0,0,0,0,0,0,0,0,0,0,0,0,0,0,0,11.89,78.925,0,0,0,0,31.57,0,0,0,3.895,0,0,0,0,0,0,0,0,55.145,0,0,0,0,0,0,7.79,0
2013,4,080.0 055.0,2013-04-01,1,34.3167,-120.8024,2266.011111111111,2183.5,159.11111111111114,9.53111111111111,33.91222222222222,7.772215305861392,7.772215305861392,7327,CALCOFI 1304,BELL M. SHIMADA,2013-04-20,20,SC,80,55,208,34.317,-120.8,2013-04-20T04:28:00Z,2013-04-20T04:48:00Z,167.44,13.936,0,0,0,0,2120.976,0,0,0,0,0,0,0,195.312,0,0,0,0,0,0,0,0,823.264,0,0,0,0,0,0,0,0,0,0,0,0,0,0,0,0,0,0,0,0,0,0,0,0,0,0,0,0,0,0,0,0,0,0,0,0,0,0,0,0,0,0,0,0,0,0,0,0,0,0,0,0,0,0,0,0,0,0,0,0,0,0,0,0,0,0,0,0,0,13.936,0,0,0,0,0,0,0,24.336,10.4,0,0,0,0,13.936,0,0,0,41.808,0,0,62.816,0,0,0,0,0,7.072,0,0,0,0,0,0,7.072,0
2013,4,080.0 080.0,2013-04-01,1,33.4833,-122.5333,2248.1125,2137.0499999999997,176.125,10.09375,33.665,7.845517182325763,7.845517182325763,7328,CALCOFI 1304,BELL M. SHIMADA,2013-04-20,20,SC,80,80,215,33.483,-122.533,2013-04-20T23:17:00Z,2013-04-20T23:37:00Z,15.91,0,0,0,0,0,24.94,0,0,0,0,0,0,0,53.32,0,0,0,0,0,0,0,0,0,0,0,0,0,0,0,0,0,0,0,0,0,0,0,0,0,0,0,0,0,0,0,0,0,0,0,0,0,0,0,0,0,0,0,0,0,0,0,0,0,0,0,0,0,0,0,0,0,0,0,0,0,0,0,1.72,0,0,0,0,0,1.72,0,0,0,0,0,0,0,0,1.72,0,0,0,1.72,0,1.72,0,8.815,0,0,0,0,0,7.095,0,0,0,161.68,0,0,102.985,0,0,0,0,0,0,0,0,0,0,0,0,3.655,0
2013,4,086.7 035.0,2013-04-01,1,33.8229,-118.6287,2258.885714285714,2186.985714285714,129,9.927142857142858,33.93857142857143,7.740992503273697,7.740992503273697,7317,CALCOFI 1304,BELL M. SHIMADA,2013-04-10,10,SC,86.7,35,204,33.817,-118.633,2013-04-10T02:57:00Z,2013-04-10T03:17:00Z,29.172,116.892,0,0,0,0,80.376,0,0,0,0,0,0,0,1.836,0,0,51.204,58.344,0,0,0,0,29.172,0,0,0,0,0,0,0,0,0,0,0,0,0,0,0,0,0,0,0,0,0,0,0,0,0,0,0,0,0,0,0,0,0,0,0,0,0,0,0,0,0,0,0,0,0,0,0,0,0,0,0,0,0,0,0,0,0,0,0,0,0,0,0,0,0,0,0,0,0,0,0,0,0,0,0,0,0,1.836,69.36,0,0,0,0,27.336,0,0,0,16.524,0,0,18.156,0,0,0,0,0,12.852,0,0,0,0,0,0,11.016,0
2013,4,093.3 030.0,2013-04-01,1,32.8464,-117.5312,2265.1625,2185.6375,177.75,10.1925,33.95875,7.748389752501753,7.748389752501753,7315,CALCOFI 1304,BELL M. SHIMADA,2013-04-07,7,SC,93.3,30,213,32.85,-117.533,2013-04-07T00:40:00Z,2013-04-07T01:00:00Z,90.525,86.478,0,0,0,0,59.001,0,0,0,0,0,0,0,3.834,0,0,0,0,0,0,0,0,66.882,0,0,0,0,0,0,0,0,0,0,0,0,0,0,0,0,0,0,0,0,0,0,0,0,0,0,0,0,0,0,0,0,0,0,0,0,0,0,0,0,0,0,0,0,0,0,0,0,0,0,0,0,0,0,0,0,0,0,0,0,0,0,0,0,0,0,0,0,0,0,0,0,0,0,0,0,0,5.964,66.882,0,0,0,0,0,0,0,0,49.203,0,0,9.798,0,0,0,0,0,3.834,0,0,0,0,0,0,7.881,0
2014,4,080.0 070.0,2014-04-01,1,33.8167,-121.843,2255.9375,2156.525,177.125,10.075,33.7725,7.8057257718470385,7.8057257718470385,7347,CALCOFI 1404,OCEAN STARR,2014-04-13,13,SC,80,70,211,33.817,-121.85,2014-04-13T21:51:00Z,2014-04-13T22:12:00Z,84.4,4.431,0,0,0,0,0,0,0,0,0,0,0,0,114.784,0,0,0,0,0,0,0,0,0,0,0,0,0,0,0,0,0,0,0,0,0,0,0,0,0,0,0,0,0,0,0,0,0,0,0,0,0,0,0,0,0,0,0,0,0,0,0,0,0,0,0,0,0,0,0,0,0,0,0,0,0,0,0,0,0,0,0,0,0,0,0,0,0,0,0,0,0,0,8.651,0,0,0,0,0,0,0,25.953,58.447,0,0,0,0,8.651,0,0,0,30.384,0,0,64.988,4.431,0,0,0,0,6.541,0,0,0,0,0,0,4.431,0
2014,4,080.0 080.0,2014-04-01,1,33.4833,-122.5333,2252.61,2131.93,146.59999999999997,11.068,33.75,7.85196099403718,7.85196099403718,7348,CALCOFI 1404,OCEAN STARR,2014-04-14,14,SC,80,80,213,33.483,-122.533,2014-04-14T04:10:00Z,2014-04-14T04:30:00Z,43.239,0,0,0,0,0,17.253,0,0,0,0,0,0,0,34.506,0,0,0,0,0,0,0,0,0,0,0,0,0,0,0,0,0,0,0,0,0,0,0,0,0,0,0,0,0,0,0,0,0,0,0,0,0,0,0,0,0,0,0,0,0,0,0,0,0,0,0,0,0,0,0,0,0,0,0,0,0,0,0,0,0,0,0,0,0,0,0,0,0,0,0,0,0,0,0,0,0,0,0,0,0,0,108.204,17.253,0,0,0,0,25.986,0,0,0,220.668,0,0,64.965,4.26,0,0,0,0,25.986,0,0,0,0,0,0,21.726,0
2014,4,086.7 035.0,2014-04-01,1,33.8229,-118.6287,2261.425,2181.2999999999997,177.125,9.88625,33.932500000000005,7.749339151912066,7.749339151912066,7343,CALCOFI 1404,OCEAN STARR,2014-04-08,8,SC,86.7,35,200,33.817,-118.633,2014-04-08T02:04:00Z,2014-04-08T02:24:00Z,196.8,303.8,0,0,0,0,12.8,0,0,0,0,0,0,0,98.4,0,0,0,30,0,0,0,0,12.8,0,0,0,0,0,0,4.2,0,0,0,0,0,0,0,0,0,0,0,0,0,0,0,0,0,0,0,0,0,0,0,0,0,0,0,0,0,0,0,0,0,0,0,0,0,0,0,0,0,0,0,0,0,0,0,0,0,0,0,0,0,0,0,0,0,0,0,0,0,0,0,0,0,0,0,0,0,0,25.6,42.8,0,0,0,0,4.2,0,0,0,17.2,0,0,8.6,0,0,0,0,0,0,0,0,0,0,0,0,0,0
2014,4,093.3 030.0,2014-04-01,1,32.8464,-117.5312,2262,2165.0375,177.125,10.75375,33.8675,7.788017026489522,7.788017026489522,7337,CALCOFI 1404,OCEAN STARR,2014-04-01,1,SC,93.3,30,186,32.85,-117.533,2014-04-01T21:02:00Z,2014-04-01T21:17:00Z,58.032,0,0,0,0,0,71.424,0,0,0,0,0,0,0,71.424,0,0,0,0,0,0,0,0,0,0,0,0,0,0,0,0,0,0,0,0,0,0,0,0,6.696,0,0,0,0,0,0,0,0,0,0,0,0,0,0,0,0,0,0,0,0,0,0,0,0,0,0,0,0,0,0,0,0,0,0,0,0,0,0,0,0,0,0,0,0,0,0,0,0,0,0,0,0,0,0,0,0,0,0,0,0,0,20.088,116.25,0,0,0,0,84.816,0,0,0,80.352,0,0,4.464,4.464,0,0,0,0,89.28,0,0,0,0,0,0,6.696,0
2015,4,080.0 055.0,2015-04-01,1,34.3167,-120.8024,2250.011111111111,2146.9333333333334,159.11111111111114,10.05,33.65555555555556,7.824665050376629,7.824665050376629,7369,CALCOFI 1504,New Horizon,2015-04-16,16,SC,80,55,210,34.313,-120.793,2015-04-16T03:29:00Z,2015-04-16T03:53:00Z,11.13,544.11,0,0,0,0,764.61,0,0,0,0,0,0,0,2632.14,0,0,0,25.83,0,0,0,0,40.53,0,0,0,0,0,0,0,0,0,0,0,0,0,0,0,55.23,0,0,0,0,0,0,3.78,0,0,0,0,0,0,0,0,0,0,0,0,0,0,0,0,0,0,0,0,0,0,0,0,0,0,0,0,0,0,0,18.48,0,0,0,0,0,0,0,0,0,0,0,0,0,0,22.05,0,0,14.7,0,0,0,0,58.8,132.3,0,0,0,0,205.8,0,0,0,235.2,0,0,7.35,0,0,0,0,0,176.4,0,0,0,0,0,0,44.1,0
2015,4,086.7 035.0,2015-04-01,1,33.8229,-118.6287,2261.3625,2172.1375,177,10.025,33.8475,7.777063462443431,7.777063462443431,7365,CALCOFI 1504,New Horizon,2015-04-11,11,SC,86.7,35,203,33.823,-118.627,2015-04-11T03:08:00Z,2015-04-11T03:31:00Z,0,535.108,0,0,0,0,293.944,0,0,0,0,0,0,0,15.022,0,0,0,323.988,0,0,0,0,278.922,0,0,0,0,0,0,0,0,0,0,18.879,0,0,0,0,18.879,0,0,0,0,0,0,0,0,0,0,3.857,0,0,0,0,0,0,0,0,0,0,0,0,0,3.857,0,0,0,0,0,0,0,0,0,0,0,0,0,0,0,0,0,0,0,0,0,0,0,0,0,0,0,0,0,0,0,0,0,0,0,0,60.291,22.533,0,0,0,0,22.533,0,0,0,11.368,0,0,11.368,0,0,0,0,0,120.582,0,0,0,0,0,0,45.269,0
2015,4,093.3 030.0,2015-04-01,1,32.8464,-117.5312,2259.3125,2164.7125,177,10.915,33.82,7.779260710510555,7.779260710510555,7358,CALCOFI 1504,New Horizon,2015-04-04,4,SC,93.3,30,212,32.843,-117.535,2015-04-04T22:20:00Z,2015-04-04T22:41:00Z,3.816,3.816,0,0,0,0,73.14,0,0,0,0,0,0,0,1.908,0,0,0,0,0,0,0,0,13.356,0,0,0,0,0,0,0,0,0,0,0,0,0,0,0,1.908,0,0,0,0,0,0,0,0,0,0,3.816,0,0,0,9.54,0,0,0,0,0,0,0,0,0,5.724,0,0,0,0,25.016,0,0,0,0,0,0,7.632,0,5.724,1.908,0,0,0,0,36.464,0,0,0,0,0,0,9.54,0,0,0,13.356,1.908,0,0,0,1.908,7.632,88.404,0,0,0,0,153.912,0,0,0,146.068,0,0,13.356,0,0,0,0,0,65.296,0,0,0,0,0,0,107.696,0
2016,4,080.0 051.0,2016-04-20,20,34.45,-120.5239,2247.9,2118.425,35.75,12.41375,33.64725,7.8912912126737105,7.8912912126737105,7388,CALCOFI 1604,SHIMADA,2016-04-12,12,SC,80,51,50,34.45,-120.523,2016-04-12T20:34:00Z,2016-04-12T20:39:00Z,6.85,13.7,0,0,0,0,683.75,0,0,0,0,0,0,0,0,0,0,0,27.35,0,0,0,0,1476.9,0,0,0,0,0,0,0,0,0,382.9,164.1,0,0,0,0,998.3,0,0,0,0,0,0,547,0,0,0,0,0,0,0,0,0,0,0,0,0,0,0,0,0,0,0,0,0,0,0,0,0,0,0,0,0,0,0,0,0,0,0,0,0,0,0,0,0,0,0,0,0,0,0,0,0,0,0,0,0,0,0,27.35,0,0,0,0,47.85,0,0,0,0,0,0,0,0,0,0,0,0,0,0,0,0,0,0,0,0,0
2016,4,090.0 030.0,2016-04-20,20,33.4179,-117.9058,2269.4875,2204.3125,177.875,10.334375,33.986625000000004,7.701233525188896,7.701233525188896,7383,CALCOFI 1604,SHIMADA,2016-04-07,7,SC,90,30,207,33.418,-117.903,2016-04-07T04:15:00Z,2016-04-07T04:36:00Z,11.799,118.197,0,0,0,0,386.469,0,0,0,0,0,0,0,3.933,0,0,0,118.197,0,0,0,0,457.47,0,0,0,0,0,0,0,0,0,15.732,331.2,0,0,0,0,630.936,0,0,0,0,0,0,11.799,0,0,0,0,0,0,0,0,0,0,0,0,0,0,0,0,0,3.933,0,0,0,0,0,0,0,0,0,0,0,0,0,0,0,0,0,0,0,0,0,0,0,0,0,0,0,0,43.47,0,0,0,0,0,0,0,0,23.598,0,0,0,0,7.866,0,0,0,15.732,0,0,0,0,0,0,0,0,0,0,0,0,0,0,0,0,0
2016,4,090.0 037.0,2016-04-20,20,33.1846,-118.3871,2241.25,2022.65,16,15.708,33.5215,8.058479944046855,8.058479944046855,7381,CALCOFI 1604,SHIMADA,2016-04-06,6,SC,90,37,212,33.183,-118.387,2016-04-06T20:56:00Z,2016-04-06T21:17:00Z,3.816,70.596,0,0,0,0,188.044,0,0,0,0,0,0,0,0,0,0,0,133.136,0,0,0,0,744.12,0,0,0,0,0,0,0,0,0,3.816,140.98,0,0,0,0,281.96,0,0,0,0,0,0,0,0,0,3.816,0,0,0,0,0,0,0,0,0,0,0,0,0,0,3.816,0,0,0,0,7.844,0,0,0,0,0,0,0,0,3.816,3.816,0,0,0,0,3.816,0,0,0,0,0,0,0,0,3.816,0,0,11.66,0,0,0,0,152.852,117.448,0,0,0,0,148.824,0,0,0,7.844,0,0,11.66,11.66,0,0,0,0,54.908,0,0,0,0,0,0,0,0
2016,4,093.3 028.0,2016-04-20,20,32.913,-117.3944,2236.7,2053.5,16,14.876999999999999,33.510000000000005,7.9878237655048245,7.9878237655048245,7374,CALCOFI 1604,SHIMADA,2016-04-01,1,SC,93.3,28,213,32.912,-117.395,2016-04-01T20:10:00Z,2016-04-01T20:31:00Z,0,3.834,0,0,0,0,18.957,0,0,0,0,0,0,0,0,0,0,0,3.834,0,0,0,0,64.326,0,0,0,0,0,0,0,0,0,0,212.148,0,0,0,0,208.314,0,0,0,0,0,0,0,0,0,0,0,0,0,0,0,0,0,0,0,0,0,3.834,0,0,0,0,0,0,0,0,0,0,0,0,0,0,0,0,0,0,0,0,0,0,0,0,0,0,0,0,0,0,0,7.668,0,0,0,0,0,0,0,41.748,7.668,0,0,0,0,28.329,0,0,0,11.289,0,0,0,0,0,0,0,0,9.372,0,0,0,0,0,0,3.834,0
2016,4,093.3 030.0,2016-04-20,20,32.8464,-117.5312,2264.8625,2177.675,177.5,10.941,33.894875,7.758622568686692,7.758622568686692,7375,CALCOFI 1604,SHIMADA,2016-04-01,1,SC,93.3,30,209,32.843,-117.532,2016-04-01T22:41:00Z,2016-04-01T23:02:00Z,0,0,0,0,0,0,47.443,0,0,0,0,0,0,0,0,0,0,0,71.06,0,0,0,0,150.271,0,0,0,0,0,0,0,0,0,1.881,122.474,0,0,0,0,67.298,0,0,0,0,0,0,11.913,0,0,1.881,0,0,0,0,0,0,0,0,0,0,0,0,0,0,0,0,0,0,0,0,0,0,0,0,0,0,0,0,1.881,0,0,0,0,0,0,0,0,0,0,0,0,0,0,0,0,0,1.881,0,0,0,0,1.881,71.06,0,0,0,0,82.973,0,0,0,114.532,0,0,1.881,0,0,0,0,0,5.852,0,0,0,0,0,0,5.852,0
2017,4,080.0 070.0,2017-04-20,20,33.8167,-121.843,2247.1625,2137.2375,176.35,10.4585,33.592875,7.834001089071992,7.834001089071992,7418,CALCOFI 1704,SHIMADA,2017-04-11,11,SC,80,70,213,33.815,-121.842,2017-04-11T00:04:00Z,2017-04-11T00:25:00Z,2.13,0,0,0,0,0,3.195,0,0,0,0,0,0,0,4.26,0,0,0,0,0,0,0,0,0,0,0,0,0,0,0,0,0,0,1.065,0,0,0,0,0,0,0,0,0,0,0,0,0,0,0,0,0,0,0,0,0,0,0,0,0,0,0,0,0,0,2.13,0,0,0,0,3.195,0,0,0,0,0,0,9.372,0,4.26,0,0,0,0,0,1.065,0,0,0,0,0,0,0,0,0,0,0,0,0,0,0,0,23.004,4.26,0,0,0,0,2.13,0,0,0,102.666,0,0,8.307,0,0,0,0,0,0,0,0,0,0,0,0,3.195,0
2017,4,083.3 042.0,2017-04-20,20,34.1784,-119.5085,2237.3,2070.1499999999996,16.15,12.8185,33.525999999999996,7.985953441129359,7.985953441129359,7417,CALCOFI 1704,SHIMADA,2017-04-09,9,SC,83.3,42,200,34.175,-119.51,2017-04-09T19:45:00Z,2017-04-09T20:06:00Z,42.8,384.8,0,0,0,0,3777.2,0,0,0,0,0,0,0,841,0,0,0,14.2,0,0,0,0,698.4,0,0,0,0,0,0,0,0,0,206.6,49.8,0,0,0,0,142.6,0,0,0,0,0,0,28.6,0,0,0,0,0,0,0,0,0,0,0,0,0,0,0,0,0,0,0,0,0,0,0,0,0,0,0,0,0,0,0,0,0,0,0,0,0,0,0,0,0,0,0,0,0,0,0,0,0,0,0,0,0,0,0,128.2,0,0,0,0,142.6,0,0,0,142.6,0,0,0,0,0,0,0,0,0,0,0,0,0,0,0,0,0
2017,4,090.0 045.0,2017-04-20,20,32.9179,-118.9355,2227.1666666666665,2075.266666666667,21.5,12.953666666666667,33.400333333333336,7.9434911585453065,7.9434911585453065,7414,CALCOFI 1704,SHIMADA,2017-04-04,4,SC,90,45,196,32.92,-118.937,2017-04-04T01:58:00Z,2017-04-04T02:19:00Z,32.928,14.7,0,0,0,0,329.672,0,0,0,0,0,0,0,18.228,0,0,0,0,0,0,0,0,34.888,0,0,0,0,0,0,0,0,0,7.252,3.724,0,0,0,0,53.116,0,0,0,0,0,0,12.74,0,0,0,0,0,0,0,0,0,0,0,0,0,0,0,0,0,0,0,0,0,0,0,0,0,0,0,0,0,0,0,0,1.764,0,0,0,0,0,0,0,0,0,0,0,0,0,1.764,0,0,0,0,0,0,0,16.464,44.1,0,0,0,0,54.88,0,0,0,69.58,0,0,5.488,0,0,0,0,0,5.488,0,0,0,0,0,0,1.764,0
2018,4,080.0 055.0,2018-04-20,20,34.3167,-120.8024,2257.75,2145.866666666667,149,10.075,33.818666666666665,7.852873404737647,7.852873404737647,7448,CALCOFI 1804,SHIMADA,2018-04-17,17,SC,80,55,217,34.333,-120.805,2018-04-17T21:00:00Z,2018-04-17T21:22:00Z,101.99,152.768,0,0,0,0,27.342,0,0,0,0,0,0,0,70.525,0,0,1.953,0,0,0,0,0,1.953,0,0,0,0,0,0,1.953,0,0,3.906,0,0,0,0,0,1.953,0,0,0,0,0,0,0,0,0,0,0,0,0,0,0,0,0,0,0,0,0,0,0,0,0,0,0,0,0,0,0,0,0,0,0,0,0,0,0,0,0,0,0,0,0,0,0,0,0,0,0,0,0,0,0,0,0,0,0,0,0,7.812,17.577,0,0,0,0,7.812,0,0,0,52.948,0,0,0,0,0,0,0,0,0,0,0,0,0,0,0,0,0
2018,4,080.0 060.0,2018-04-20,20,34.15,-121.15,2234.3,2032.3,2.2,13.054,33.496,8.06581178354331,8.06581178354331,7451,CALCOFI 1804,SHIMADA,2018-04-18,18,SC,80,60,217,34.148,-121.148,2018-04-18T01:16:00Z,2018-04-18T01:40:00Z,130.417,946.337,0,0,0,0,201.159,0,0,0,0,0,0,0,14.973,0,0,0,0,0,0,0,0,7.378,0,0,0,0,0,0,0,0,0,7.378,14.973,0,0,0,0,0,0,0,0,0,0,0,0,0,0,0,0,0,0,0,0,0,0,0,0,0,0,0,0,0,0,0,0,0,0,0,0,0,0,0,0,0,0,0,0,0,0,0,0,0,0,0,0,0,0,0,0,0,0,7.378,0,0,0,0,0,0,0,7.378,126.728,0,0,0,0,33.635,0,0,0,11.284,0,0,0,0,0,0,0,0,0,0,0,0,0,0,0,0,0
2018,4,083.3 040.6,2018-04-20,20,34.2251,-119.4112,2244.6,2076,2,12.028,33.645,8.00066349855181,8.00066349855181,7449,CALCOFI 1804,SHIMADA,2018-04-17,17,SC,83.3,40.6,56,34.225,-119.41,2018-04-17T04:14:00Z,2018-04-17T04:17:00Z,0,480.48,0,0,0,0,110.376,0,0,0,0,0,0,0,0,0,0,0,188.272,0,0,0,0,35.728,0,0,0,0,0,0,0,0,0,0,9.744,0,0,0,0,9.744,0,0,0,0,0,0,0,0,0,0,0,0,0,0,0,0,0,0,0,0,0,0,0,0,0,0,0,0,0,0,0,0,0,0,0,0,0,0,0,0,0,0,0,0,0,0,0,0,0,0,0,0,0,0,0,0,0,0,0,0,0,0,32.48,0,0,0,0,0,0,0,0,0,0,0,0,0,0,0,0,0,0,0,0,0,0,0,0,0,0
2018,4,083.3 042.0,2018-04-20,20,34.1784,-119.5085,2249.4,2059.3,3,12.481,33.659,8.04341563825175,8.04341563825175,7450,CALCOFI 1804,SHIMADA,2018-04-17,17,SC,83.3,42,178,34.178,-119.507,2018-04-17T01:57:00Z,2018-04-17T02:14:00Z,26.166,611.608,0,0,0,0,576.542,0,0,0,0,0,0,0,48.06,0,0,0,69.954,0,0,0,0,61.232,0,0,0,0,0,0,4.45,0,0,4.45,30.616,0,0,0,0,34.888,0,0,0,0,0,0,0,0,0,0,0,0,0,0,0,0,0,0,0,0,0,0,0,0,0,0,0,0,0,0,0,0,0,0,0,0,0,0,0,0,0,0,0,0,0,0,0,0,0,0,0,0,0,0,0,0,0,0,0,0,0,8.722,65.504,0,0,0,0,131.008,0,0,0,65.504,0,0,0,0,0,0,0,0,0,0,0,0,0,0,0,0,0
2018,4,090.0 028.0,2018-04-20,20,33.4846,-117.7681,2241.8,2004.6,1,16.801,33.554,8.08030080248768,8.08030080248768,7444,CALCOFI 1804,SHIMADA,2018-04-11,11,SC,90,28,59,33.483,-117.768,2018-04-11T03:15:00Z,2018-04-11T03:22:00Z,60.239,73.632,0,0,0,0,241.015,0,0,0,0,0,0,0,167.383,0,0,0,3.363,0,0,0,0,200.836,0,0,0,0,0,0,6.667,0,0,6.667,26.786,0,0,0,0,63.602,0,0,0,0,0,0,0,0,0,0,0,0,0,0,0,0,0,0,0,0,0,0,0,0,0,0,0,0,0,0,0,0,0,0,0,0,0,0,0,0,0,0,0,0,0,0,0,0,0,0,0,0,0,0,0,0,0,0,0,0,0,0,107.144,0,0,0,0,80.358,0,0,0,147.264,0,0,0,3.363,0,0,0,0,0,0,0,0,0,0,0,3.363,0
2018,4,090.0 030.0,2018-04-20,20,33.4179,-117.9058,2241.25,2029.7,16,15.3055,33.56,8.04870647805212,8.04870647805212,7440,CALCOFI 1804,SHIMADA,2018-04-10,10,SC,90,30,208,33.417,-117.908,2018-04-10T23:48:00Z,2018-04-10T00:09:00Z,27.456,90.272,0,0,0,0,135.408,0,0,0,0,0,0,0,39.312,0,0,0,3.952,0,0,0,0,27.456,0,0,0,0,0,0,0,0,0,7.904,100.048,0,0,0,0,109.824,0,0,0,0,0,0,3.952,0,0,0,0,0,0,0,0,0,0,0,0,0,0,0,0,0,0,0,0,0,0,0,0,0,0,0,0,0,0,0,0,0,0,0,0,0,0,0,0,0,0,0,0,0,0,0,0,0,0,0,0,0,0,7.904,149.136,0,0,0,0,127.504,0,0,0,74.464,0,0,0,0,0,0,0,0,3.952,0,0,0,0,0,0,0,0
2018,4,090.0 060.0,2018-04-20,20,32.4179,-119.9593,2240.95,2018.9,16,13.991,33.448499999999996,8.093476920313975,8.093476920313975,7442,CALCOFI 1804,SHIMADA,2018-04-10,10,SC,90,60,213,32.417,-119.96,2018-04-10T01:02:00Z,2018-04-10T01:23:00Z,5.964,82.218,0,0,0,0,134.403,0,0,0,0,0,0,0,52.185,0,0,0,0,0,0,0,0,0,0,0,0,0,0,0,0,0,0,0,1.917,0,0,0,0,14.058,0,0,0,0,0,0,0,0,0,0,0,0,0,0,0,0,0,0,0,0,0,0,0,0,0,0,0,0,0,4.047,0,0,0,0,0,0,0,0,5.964,0,0,0,0,0,1.917,0,0,0,0,0,0,4.047,0,1.917,0,5.964,1.917,0,0,0,0,11.928,136.32,0,0,0,0,112.251,0,0,0,64.113,0,0,0,0,0,0,0,0,8.094,0,0,0,0,0,0,8.094,0
2018,4,093.3 028.0,2018-04-20,20,32.913,-117.3944,2240.15,2026.8000000000002,16,15.218499999999999,33.5635,8.0544872060857,8.0544872060857,7434,CALCOFI 1804,SHIMADA,2018-04-05,5,SC,93.3,28,203,32.918,-117.398,2018-04-05T20:24:00Z,2018-04-05T20:45:00Z,9.541,15.225,0,0,0,0,68.411,0,0,0,0,0,0,0,32.277,0,0,0,0,0,0,0,0,22.736,0,0,0,0,0,0,0,0,0,0,5.684,0,0,0,0,17.052,0,0,0,0,0,0,1.827,0,0,0,0,0,0,0,0,0,0,0,0,0,0,0,0,0,0,0,0,0,0,0,0,0,0,0,0,0,0,0,0,0,0,0,0,0,0,0,0,0,0,0,0,0,0,0,0,0,0,0,0,0,0,9.541,148.393,0,0,0,0,285.215,0,0,0,72.268,0,0,0,0,0,0,0,0,3.857,0,0,0,0,0,0,0,0
2018,4,093.3 030.0,2018-04-20,20,32.8464,-117.5312,2241.5,2018.7,2,16.399,33.594,8.05678369661034,8.05678369661034,7435,CALCOFI 1804,SHIMADA,2018-04-05,5,SC,93.3,30,201,32.848,-117.523,2018-04-05T22:57:00Z,2018-04-05T23:18:00Z,1.809,7.437,0,0,0,0,33.768,0,0,0,0,0,0,0,3.819,0,0,0,0,0,0,0,0,33.768,0,0,0,0,0,0,0,0,0,0,1.809,0,0,0,0,3.819,0,0,0,0,0,0,1.809,0,0,0,0,0,0,0,0,0,0,0,0,0,0,0,0,0,0,0,0,0,0,0,0,0,0,0,0,0,0,0,0,0,0,0,0,0,0,0,0,0,0,0,0,0,0,0,0,0,0,0,0,0,0,7.437,52.461,0,0,0,0,217.482,0,0,0,59.898,0,0,0,0,0,0,0,0,13.065,0,0,0,0,0,0,0,0
2019,4,080.0 055.0,2019-04-20,20,34.3167,-120.8024,2256.1857142857143,2148.157142857143,147.87142857142857,10.556714285714285,33.80314285714286,7.829942496746214,7.829942496746214,7478,CALCOFI 1904,REUBEN LASKER,2019-04-15,15,SC,80,55,211,34.328,-120.79,2019-04-15T04:12:00Z,2019-04-15T04:34:00Z,10.55,319.243,0,0,0,0,744.619,0,0,0,0,0,0,0,63.933,0,0,0,0,0,0,0,0,0,0,0,0,0,0,0,0,0,0,0,0,0,0,0,0,10.55,0,0,0,0,0,0,0,0,0,0,0,0,0,0,0,0,0,0,0,0,0,0,0,0,0,0,0,0,0,0,0,0,0,0,0,0,0,0,0,0,0,0,0,0,0,0,0,0,0,0,0,0,0,0,0,0,0,0,0,0,0,3.587,92.207,0,0,0,0,106.344,0,0,0,163.103,0,0,0,0,0,0,0,0,3.587,0,0,0,0,0,0,3.587,0
2019,4,083.3 040.6,2019-04-20,20,34.2251,-119.4112,2242.2,2061.9,3,13.312,33.623,8.00940980325716,8.00940980325716,7474,CALCOFI 1904,REUBEN LASKER,2019-04-09,9,SC,83.3,40.6,28,34.223,-119.42,2019-04-09T20:22:00Z,2019-04-09T20:26:00Z,0,43.708,0,0,0,0,181.664,0,0,0,0,0,0,0,0,0,0,0,0,0,0,0,0,8.204,0,0,0,0,0,0,0,0,0,0,2.744,0,0,0,0,8.204,0,0,0,0,0,0,1.372,0,0,0,0,0,0,0,0,0,0,0,0,0,0,0,0,0,0,0,0,0,0,0,0,0,0,0,0,0,0,0,0,0,0,0,0,0,0,0,0,0,0,0,0,0,0,0,0,0,0,0,0,0,0,0,0.672,0,0,0,0,3.416,0,0,0,0.672,0,0,0,0,0,0,0,0,0,0,0,0,0,0,0,0,0
2019,4,090.0 028.0,2019-04-20,20,33.4846,-117.7681,2242.8,1998.9,1.7,17.083,33.58,8.08876038211301,8.08876038211301,7470,CALCOFI 1904,REUBEN LASKER,2019-04-07,7,SC,90,28,209,33.485,-117.768,2019-04-07T20:41:00Z,2019-04-07T21:02:00Z,65.626,0,0,0,0,0,308.902,0,0,0,0,0,0,0,254.771,0,0,0,0,0,0,0,0,104.291,0,0,0,0,0,0,0,0,0,158.422,42.427,0,0,0,0,104.291,0,0,0,0,0,0,19.228,0,0,0,0,0,0,0,0,0,0,0,0,0,0,0,0,0,0,0,0,0,0,0,0,0,0,0,0,0,0,0,0,0,0,0,0,0,0,0,0,0,0,0,0,0,0,0,0,0,0,0,0,0,0,46.398,30.932,0,0,0,0,208.582,0,0,0,224.048,0,0,11.495,0,0,0,0,0,3.762,0,0,0,0,0,0,3.762,0
2019,4,090.0 030.0,2019-04-20,20,33.4179,-117.9058,2238.4,2036.2,16,14.8315,33.592,8.033909665410954,8.033909665410954,7471,CALCOFI 1904,REUBEN LASKER,2019-04-07,7,SC,90,30,197,33.417,-117.905,2019-04-07T23:15:00Z,2019-04-07T23:36:00Z,192.666,0,0,0,0,0,399.122,0,0,0,0,0,0,0,770.861,0,0,0,0,0,0,0,0,89.438,0,0,0,0,0,0,0,0,0,54.963,110.123,0,0,0,0,419.807,0,0,0,0,0,0,13.79,0,0,0,0,0,0,0,0,0,0,0,0,0,0,0,0,0,3.349,0,0,0,0,3.349,0,0,0,0,0,0,0,0,0,0,0,0,0,0,20.685,0,0,0,0,0,0,0,0,0,0,3.349,0,0,0,0,0,37.824,34.475,0,0,0,0,199.561,0,0,0,199.561,0,0,3.349,0,0,0,0,0,0,0,0,0,0,0,0,0,0
2019,4,090.0 060.0,2019-04-20,20,32.4179,-119.9593,2237.9333333333334,2034.0666666666666,21.46666666666667,15.397333333333334,33.589666666666666,8.03157550134071,8.03157550134071,7472,CALCOFI 1904,REUBEN LASKER,2019-04-07,7,SC,90,60,206,32.42,-119.958,2019-04-07T00:44:00Z,2019-04-07T01:05:00Z,0,132.458,0,0,0,0,500.374,0,0,0,0,0,0,0,29.458,0,0,0,0,0,0,0,0,11.124,0,0,0,0,0,0,0,0,0,0,0,0,0,0,0,7.416,0,0,0,0,0,0,3.708,0,0,0,0,0,0,0,0,0,0,0,0,0,0,0,0,0,0,0,0,0,0,0,0,0,0,0,0,0,0,0,0,33.166,0,0,0,0,22.042,0,0,0,0,0,0,0,0,11.124,0,0,0,0,0,0,0,132.458,676.916,0,0,0,0,794.542,0,0,0,117.626,0,0,3.708,0,0,0,0,0,36.874,0,0,0,0,0,0,0,0
2019,4,093.3 030.0,2019-04-20,20,32.8464,-117.5312,2255.042857142857,2138.3142857142857,150.0857142857143,11.406714285714285,33.84214285714286,7.835146156967197,7.835146156967197,7466,CALCOFI 1904,REUBEN LASKER,2019-04-02,2,SC,93.3,30,205,32.848,-117.525,2019-04-02T21:23:00Z,2019-04-02T21:44:00Z,3.69,0,0,0,0,0,384.58,0,0,0,0,0,0,0,467.4,0,0,0,0,0,0,0,0,67.855,0,0,0,0,0,0,0,0,0,26.445,15.17,0,0,0,0,181.015,0,0,0,0,0,0,30.135,0,0,0,0,0,0,0,0,0,0,0,0,0,0,0,0,0,3.69,0,0,0,0,0,0,0,0,0,0,0,0,0,0,0,0,0,0,0,11.275,0,0,0,0,0,0,7.585,0,3.69,0,15.17,3.69,0,0,0,0,26.445,309.14,0,0,0,0,482.57,0,0,0,165.845,0,0,11.275,0,0,0,0,0,26.445,0,0,0,0,0,0,34.03,0
