EXPOCODE,Ship_Name.x,Date,Year_UTC,Month_UTC,Day_UTC,Time_UTC,Station_ID,Latitude,Longitude,Depth,CTDTEMP_ITS90,CTDTEMP_flag,Salinity_PSS78,Salinity_flag,DIC,DIC_flag,TA,TA_flag,Cst_Cnt,Btl_Cnt,Depth_ID,T_degC,Salnty,O2ml_L,STheta,O2Sat,Oxy_µmol/Kg,BtlNum,RecInd,T_prec,T_qual,S_prec,S_qual,P_qual,O_qual,SThtaq,O2Satq,ChlorA,Chlqua,Phaeop,Phaqua,PO4uM,PO4q,SiO3uM,SiO3qu,NO2uM,NO2q,NO3uM,NO3q,NH3uM,NH3q,C14As1,C14A1p,C14A1q,C14As2,C14A2p,C14A2q,DarkAs,DarkAp,DarkAq,MeanAs,MeanAp,MeanAq,IncTim,LightP,R_Depth,R_TEMP,R_Sal,R_DYNHT,R_Nuts,R_Oxy_µmol/Kg,DIC1,DIC2,TA1,TA2,pH1,pH2,DIC Quality Comment,Cruise_ID,Cruise,Cruz_Sta,DbSta_ID,Cast_ID,Quarter,Sta_Code,Distance,Year,Month,Julian_Date,Julian_Day,Time,Lat_Dec,Lat_Deg,Lat_Min,Lat_Hem,Lon_Dec,Lon_Deg,Lon_Min,Lon_Hem,Rpt_Line,St_Line,Ac_Line,Rpt_Sta,St_Station,Ac_Sta,Bottom_D,Secchi,ForelU,Ship_Name.y,Ship_Code,Data_Type,Order_Occ,Event_Num,Cruz_Leg,Orig_Sta_ID,Data_Or,Cruz_Num,IntChl,IntC14,Inc_Str,Inc_End,PST_LAN,Civil_T,TimeZone,Wave_Dir,Wave_Ht,Wave_Prd,Wind_Dir,Wind_Spd,Barometer,Dry_T,Wet_T,Wea,Cloud_Typ,Cloud_Amt,Visibility
31EB19831010,ELLEN B. SCRIPPS,10/12/1983,1983,10,12,00:00:00,090.0 065.0,32.2513,-120.2993,10,20.29,2,33.539,2,1975.7,2,NA,2,22479,552471,19-8310EB-HY-285-0934-09000650-0010A-7,20.29,33.543,5.38,23.576,103.8,234.7366,NA,7,2,NA,3,NA,9,NA,NA,NA,0.1,NA,0,NA,0.32,NA,1.9,NA,0,NA,0,NA,NA,9,NA,NA,9,NA,NA,9,NA,NA,9,NA,NA,9,NA,NA,10,20.29,430.8,0.04,NA,234.7366,NA,NA,NA,NA,NA,NA,NA,1983-10-10-C-31EB,198310,19831009000650,09000650,19-8310EB-HY-285-0934-09000650,4,NRO,-149.62,1983,10,30601,285,09:34:00,32.236666,32,14.2,N,-120.303333,-120,18.2,W,90.0,90,90.1,65.0,65,65.2,NA,NA,NA,ELLEN B. SCRIPPS,31EB,HY,NA,3528,NA,90   65,3101,8310,19.9,NA,NA,NA,NA,NA,NA,NA,NA,NA,31,16,1016,19.5,18.8,0,NA,NA,7
31EB19831010,ELLEN B. SCRIPPS,10/12/1983,1983,10,12,00:00:00,090.0 065.0,32.2513,-120.2993,10,NA,2,NA,2,1975.7,2,NA,2,22479,552471,19-8310EB-HY-285-0934-09000650-0010A-7,20.29,33.543,5.38,23.576,103.8,234.7366,NA,7,2,NA,3,NA,9,NA,NA,NA,0.1,NA,0,NA,0.32,NA,1.9,NA,0,NA,0,NA,NA,9,NA,NA,9,NA,NA,9,NA,NA,9,NA,NA,9,NA,NA,10,20.29,430.8,0.04,NA,234.7366,NA,NA,NA,NA,NA,NA,NA,1983-10-10-C-31EB,198310,19831009000650,09000650,19-8310EB-HY-285-0934-09000650,4,NRO,-149.62,1983,10,30601,285,09:34:00,32.236666,32,14.2,N,-120.303333,-120,18.2,W,90.0,90,90.1,65.0,65,65.2,NA,NA,NA,ELLEN B. SCRIPPS,31EB,HY,NA,3528,NA,90   65,3101,8310,19.9,NA,NA,NA,NA,NA,NA,NA,NA,NA,31,16,1016,19.5,18.8,0,NA,NA,7
31EB19831010,ELLEN B. SCRIPPS,10/12/1983,1983,10,12,00:00:00,090.0 065.0,32.2513,-120.2993,10,NA,2,33.538,2,1973.9,2,NA,2,22479,552471,19-8310EB-HY-285-0934-09000650-0010A-7,20.29,33.543,5.38,23.576,103.8,234.7366,NA,7,2,NA,3,NA,9,NA,NA,NA,0.1,NA,0,NA,0.32,NA,1.9,NA,0,NA,0,NA,NA,9,NA,NA,9,NA,NA,9,NA,NA,9,NA,NA,9,NA,NA,10,20.29,430.8,0.04,NA,234.7366,NA,NA,NA,NA,NA,NA,NA,1983-10-10-C-31EB,198310,19831009000650,09000650,19-8310EB-HY-285-0934-09000650,4,NRO,-149.62,1983,10,30601,285,09:34:00,32.236666,32,14.2,N,-120.303333,-120,18.2,W,90.0,90,90.1,65.0,65,65.2,NA,NA,NA,ELLEN B. SCRIPPS,31EB,HY,NA,3528,NA,90   65,3101,8310,19.9,NA,NA,NA,NA,NA,NA,NA,NA,NA,31,16,1016,19.5,18.8,0,NA,NA,7
31EB19831010,ELLEN B. SCRIPPS,10/12/1983,1983,10,12,00:00:00,090.0 065.0,32.2513,-120.2993,10,NA,2,NA,2,1973.6,2,NA,2,22479,552471,19-8310EB-HY-285-0934-09000650-0010A-7,20.29,33.543,5.38,23.576,103.8,234.7366,NA,7,2,NA,3,NA,9,NA,NA,NA,0.1,NA,0,NA,0.32,NA,1.9,NA,0,NA,0,NA,NA,9,NA,NA,9,NA,NA,9,NA,NA,9,NA,NA,9,NA,NA,10,20.29,430.8,0.04,NA,234.7366,NA,NA,NA,NA,NA,NA,NA,1983-10-10-C-31EB,198310,19831009000650,09000650,19-8310EB-HY-285-0934-09000650,4,NRO,-149.62,1983,10,30601,285,09:34:00,32.236666,32,14.2,N,-120.303333,-120,18.2,W,90.0,90,90.1,65.0,65,65.2,NA,NA,NA,ELLEN B. SCRIPPS,31EB,HY,NA,3528,NA,90   65,3101,8310,19.9,NA,NA,NA,NA,NA,NA,NA,NA,NA,31,16,1016,19.5,18.8,0,NA,NA,7
31EB19831010,ELLEN B. SCRIPPS,10/12/1983,1983,10,12,00:00:00,090.0 070.0,32.0846,-120.6387,10,20.16,2,33.534,2,1985.2,2,NA,2,22480,552503,19-8310EB-HY-285-1400-09000700-0010A-7,20.16,33.536,5.38,23.605,103.6,234.73,NA,7,2,NA,3,NA,9,NA,NA,NA,0.1,NA,0.02,NA,0.25,NA,1.6,NA,0,NA,0,NA,NA,9,NA,NA,9,NA,NA,9,NA,NA,9,NA,NA,9,NA,NA,10,20.16,428.1,0.04,NA,234.73,NA,NA,NA,NA,NA,NA,NA,1983-10-10-C-31EB,198310,19831009000700,09000700,19-8310EB-HY-285-1400-09000700,4,ST,-169.46,1983,10,30601,285,14:00:00,32.078333,32,4.7,N,-120.646666,-120,38.8,W,90.0,90,90,70.0,70,70.1,3966,NA,NA,ELLEN B. SCRIPPS,31EB,HY,NA,3529,NA,90   70,3101,8310,25.1,NA,NA,NA,NA,NA,NA,31,6,7,30,16,1016.6,19.3,18.5,1,6,4,7
31EB19831010,ELLEN B. SCRIPPS,10/12/1983,1983,10,12,00:00:00,090.0 070.0,32.0846,-120.6387,10,NA,2,33.531,2,1982.6,2,NA,2,22480,552503,19-8310EB-HY-285-1400-09000700-0010A-7,20.16,33.536,5.38,23.605,103.6,234.73,NA,7,2,NA,3,NA,9,NA,NA,NA,0.1,NA,0.02,NA,0.25,NA,1.6,NA,0,NA,0,NA,NA,9,NA,NA,9,NA,NA,9,NA,NA,9,NA,NA,9,NA,NA,10,20.16,428.1,0.04,NA,234.73,NA,NA,NA,NA,NA,NA,NA,1983-10-10-C-31EB,198310,19831009000700,09000700,19-8310EB-HY-285-1400-09000700,4,ST,-169.46,1983,10,30601,285,14:00:00,32.078333,32,4.7,N,-120.646666,-120,38.8,W,90.0,90,90,70.0,70,70.1,3966,NA,NA,ELLEN B. SCRIPPS,31EB,HY,NA,3529,NA,90   70,3101,8310,25.1,NA,NA,NA,NA,NA,NA,31,6,7,30,16,1016.6,19.3,18.5,1,6,4,7
31JD19841002,RV DAVID STARR JORDAN,10/21/1984,1984,10,21,00:00:00,090.0 070.0,32.0846,-120.6387,10,18.27,2,33.428,2,1986.1,2,NA,2,23870,584256,19-8410NM-HY-295-1453-09000700-0010A-7,18.24,33.435,5.51,24.016,102.2,240.3054,NA,7,2,NA,3,NA,9,NA,NA,NA,0.09,NA,0.01,NA,0.37,NA,1.8,NA,0.01,NA,0,NA,NA,9,NA,NA,9,NA,NA,9,NA,NA,9,NA,NA,9,NA,NA,10,18.24,388.8,0.03,NA,240.3054,NA,NA,NA,NA,NA,NA,NA,1984-10-02-C-32NM,198410,19841009000700,09000700,19-8410NM-HY-295-1453-09000700,4,ST,-168.86,1984,10,30976,295,14:53:00,32.088333,32,5.3,N,-120.64,-120,38.4,W,90.0,90,90,70.0,70,70,3918,NA,NA,RV NEW HORIZON,32NM,HY,311,3102,NA,90   70,3101,8410,29,NA,NA,NA,NA,NA,NA,31,8,5,10,30,1015,16.9,14,1,6,2,7
31JD19841002,RV DAVID STARR JORDAN,10/21/1984,1984,10,21,00:00:00,090.0 070.0,32.0846,-120.6387,10,18.27,2,33.428,2,1986.1,2,NA,2,23871,584289,19-8410NM-HY-295-1950-09000700-0010A-7,18.27,33.435,5.5,24.009,102.1,239.8709,NA,7,2,NA,3,NA,9,NA,NA,NA,0.09,NA,0.01,NA,0.45,NA,1.3,NA,0,NA,0.1,NA,NA,9,NA,NA,9,NA,NA,9,NA,NA,9,NA,NA,9,NA,NA,10,18.27,389.5,0.03,NA,239.8709,NA,NA,NA,NA,NA,NA,NA,1984-10-02-C-32NM,198410,19841009000700,09000700,19-8410NM-HY-295-1950-09000700,4,ST,-169.26,1984,10,30976,295,19:50:00,32.085,32,5.1,N,-120.646666,-120,38.8,W,90.0,90,90,70.0,70,70.1,3918,NA,NA,RV NEW HORIZON,32NM,HY,312,3112,NA,90   70,3101,8410,30.1,NA,NA,NA,NA,NA,NA,32,10,5,32,24,1017.2,18,17,1,8,3,7
31JD19841002,RV DAVID STARR JORDAN,10/21/1984,1984,10,21,00:00:00,090.0 070.0,32.0846,-120.6387,10,18.27,2,33.428,2,1986.1,2,NA,2,23949,586743,19-8410NM-PR-295-1909-09000700-0010A-7,NA,NA,NA,NA,NA,NA,NA,7,NA,9,NA,9,9,9,9,9,0.11,NA,0,NA,NA,9,NA,9,NA,9,NA,9,NA,9,NA,NA,9,NA,NA,9,0.14,2,NA,2.4,1,NA,NA,51.2,10,NA,NA,NA,NA,NA,NA,NA,NA,NA,NA,NA,NA,1984-10-02-C-32NM,198410,19841009000700,09000700,19-8410NM-PR-295-1909-09000700,4,ST,-169.07,1984,10,30976,295,19:09:00,32.081666,32,4.9,N,-120.64,-120,38.4,W,90.0,90,90,70.0,70,70,NA,22,NA,RV NEW HORIZON,32NM,PR,392,3912,NA,90   70,3101,8410,13,79.5,11:46:00,17:35:00,11:46:00,17:47:00,8,NA,NA,NA,NA,NA,NA,NA,NA,NA,NA,NA,NA
31JD19841002,RV DAVID STARR JORDAN,10/21/1984,1984,10,21,00:00:00,090.0 070.0,32.0846,-120.6387,10,NA,2,33.43,2,1987.8,2,NA,2,23870,584256,19-8410NM-HY-295-1453-09000700-0010A-7,18.24,33.435,5.51,24.016,102.2,240.3054,NA,7,2,NA,3,NA,9,NA,NA,NA,0.09,NA,0.01,NA,0.37,NA,1.8,NA,0.01,NA,0,NA,NA,9,NA,NA,9,NA,NA,9,NA,NA,9,NA,NA,9,NA,NA,10,18.24,388.8,0.03,NA,240.3054,NA,NA,NA,NA,NA,NA,NA,1984-10-02-C-32NM,198410,19841009000700,09000700,19-8410NM-HY-295-1453-09000700,4,ST,-168.86,1984,10,30976,295,14:53:00,32.088333,32,5.3,N,-120.64,-120,38.4,W,90.0,90,90,70.0,70,70,3918,NA,NA,RV NEW HORIZON,32NM,HY,311,3102,NA,90   70,3101,8410,29,NA,NA,NA,NA,NA,NA,31,8,5,10,30,1015,16.9,14,1,6,2,7
31JD19841002,RV DAVID STARR JORDAN,10/21/1984,1984,10,21,00:00:00,090.0 070.0,32.0846,-120.6387,10,NA,2,33.43,2,1987.8,2,NA,2,23871,584289,19-8410NM-HY-295-1950-09000700-0010A-7,18.27,33.435,5.5,24.009,102.1,239.8709,NA,7,2,NA,3,NA,9,NA,NA,NA,0.09,NA,0.01,NA,0.45,NA,1.3,NA,0,NA,0.1,NA,NA,9,NA,NA,9,NA,NA,9,NA,NA,9,NA,NA,9,NA,NA,10,18.27,389.5,0.03,NA,239.8709,NA,NA,NA,NA,NA,NA,NA,1984-10-02-C-32NM,198410,19841009000700,09000700,19-8410NM-HY-295-1950-09000700,4,ST,-169.26,1984,10,30976,295,19:50:00,32.085,32,5.1,N,-120.646666,-120,38.8,W,90.0,90,90,70.0,70,70.1,3918,NA,NA,RV NEW HORIZON,32NM,HY,312,3112,NA,90   70,3101,8410,30.1,NA,NA,NA,NA,NA,NA,32,10,5,32,24,1017.2,18,17,1,8,3,7
31JD19841002,RV DAVID STARR JORDAN,10/21/1984,1984,10,21,00:00:00,090.0 070.0,32.0846,-120.6387,10,NA,2,33.43,2,1987.8,2,NA,2,23949,586743,19-8410NM-PR-295-1909-09000700-0010A-7,NA,NA,NA,NA,NA,NA,NA,7,NA,9,NA,9,9,9,9,9,0.11,NA,0,NA,NA,9,NA,9,NA,9,NA,9,NA,9,NA,NA,9,NA,NA,9,0.14,2,NA,2.4,1,NA,NA,51.2,10,NA,NA,NA,NA,NA,NA,NA,NA,NA,NA,NA,NA,1984-10-02-C-32NM,198410,19841009000700,09000700,19-8410NM-PR-295-1909-09000700,4,ST,-169.07,1984,10,30976,295,19:09:00,32.081666,32,4.9,N,-120.64,-120,38.4,W,90.0,90,90,70.0,70,70,NA,22,NA,RV NEW HORIZON,32NM,PR,392,3912,NA,90   70,3101,8410,13,79.5,11:46:00,17:35:00,11:46:00,17:47:00,8,NA,NA,NA,NA,NA,NA,NA,NA,NA,NA,NA,NA
31JD19841002,RV DAVID STARR JORDAN,10/22/1984,1984,10,22,00:00:00,090.0 100.0,31.0846,-122.662,12,17.22,2,33.154,2,1978.2,2,2216.5,2,23875,584424,19-8410NM-HY-296-1706-09001000-0012A-3,17.22,33.148,5.67,24.043,103,247.2769,NA,3,2,NA,3,NA,NA,NA,NA,NA,0.14,NA,0.01,NA,0.4,NA,1.6,NA,0,NA,0,NA,NA,9,NA,NA,9,NA,NA,9,NA,NA,9,NA,NA,9,NA,NA,12,17.22,386.4,0.04,NA,247.2769,NA,NA,NA,NA,NA,NA,NA,1984-10-02-C-32NM,198410,19841009001000,09001000,19-8410NM-HY-296-1706-09001000,4,ST,-288.59,1984,10,30977,296,17:06:00,31.088333,31,5.3,N,-122.666666,-122,40,W,90.0,90,90,100.0,100,100,3957,NA,NA,RV NEW HORIZON,32NM,HY,316,3152,NA,90  100,3101,8410,22.7,NA,NA,NA,NA,NA,NA,34,7,6,34,19,1020,18,16.5,5,5,7,5
31JD19841002,RV DAVID STARR JORDAN,10/22/1984,1984,10,22,00:00:00,090.0 100.0,31.0846,-122.662,12,NA,2,NA,2,2003.3,2,NA,2,23875,584424,19-8410NM-HY-296-1706-09001000-0012A-3,17.22,33.148,5.67,24.043,103,247.2769,NA,3,2,NA,3,NA,NA,NA,NA,NA,0.14,NA,0.01,NA,0.4,NA,1.6,NA,0,NA,0,NA,NA,9,NA,NA,9,NA,NA,9,NA,NA,9,NA,NA,9,NA,NA,12,17.22,386.4,0.04,NA,247.2769,NA,NA,NA,NA,NA,NA,NA,1984-10-02-C-32NM,198410,19841009001000,09001000,19-8410NM-HY-296-1706-09001000,4,ST,-288.59,1984,10,30977,296,17:06:00,31.088333,31,5.3,N,-122.666666,-122,40,W,90.0,90,90,100.0,100,100,3957,NA,NA,RV NEW HORIZON,32NM,HY,316,3152,NA,90  100,3101,8410,22.7,NA,NA,NA,NA,NA,NA,34,7,6,34,19,1020,18,16.5,5,5,7,5
31JD19841002,RV DAVID STARR JORDAN,10/22/1984,1984,10,22,00:00:00,090.0 090.0,31.4179,-121.99,10,18.18,2,33.441,2,1982.7,2,NA,2,23874,584389,19-8410NM-HY-296-1114-09000900-0010A-7,18.18,33.47,5.52,24.058,102.3,240.7317,NA,7,2,NA,3,NA,9,NA,NA,NA,0.11,NA,0.02,NA,0.43,NA,1.3,NA,0,NA,0.1,NA,NA,9,NA,NA,9,NA,NA,9,NA,NA,9,NA,NA,9,NA,NA,10,18.18,384.9,0.03,NA,240.7317,NA,NA,NA,NA,NA,NA,NA,1984-10-02-C-32NM,198410,19841009000900,09000900,19-8410NM-HY-296-1114-09000900,4,ST,-248.69,1984,10,30977,296,11:14:00,31.423333,31,25.4,N,-121.995,-121,59.7,W,90.0,90,90,90.0,90,90,3730,NA,NA,RV NEW HORIZON,32NM,HY,315,3142,NA,90   90,3101,8410,21.6,NA,NA,NA,NA,NA,NA,32,7,5,32,20,1017,18,16.5,5,NA,NA,NA
31JD19841002,RV DAVID STARR JORDAN,10/22/1984,1984,10,22,00:00:00,090.0 090.0,31.4179,-121.99,10,NA,2,33.442,2,1982.9,2,NA,2,23874,584389,19-8410NM-HY-296-1114-09000900-0010A-7,18.18,33.47,5.52,24.058,102.3,240.7317,NA,7,2,NA,3,NA,9,NA,NA,NA,0.11,NA,0.02,NA,0.43,NA,1.3,NA,0,NA,0.1,NA,NA,9,NA,NA,9,NA,NA,9,NA,NA,9,NA,NA,9,NA,NA,10,18.18,384.9,0.03,NA,240.7317,NA,NA,NA,NA,NA,NA,NA,1984-10-02-C-32NM,198410,19841009000900,09000900,19-8410NM-HY-296-1114-09000900,4,ST,-248.69,1984,10,30977,296,11:14:00,31.423333,31,25.4,N,-121.995,-121,59.7,W,90.0,90,90,90.0,90,90,3730,NA,NA,RV NEW HORIZON,32NM,HY,315,3142,NA,90   90,3101,8410,21.6,NA,NA,NA,NA,NA,NA,32,7,5,32,20,1017,18,16.5,5,NA,NA,NA
31JD19841002,RV DAVID STARR JORDAN,10/22/1984,1984,10,22,00:00:00,093.3 100.0,30.513,-122.2576,11,18.25,2,NA,2,1983.3,2,NA,2,23876,584459,19-8410NM-HY-296-2258-09331000-0011A-3,18.25,33.564,5.53,24.113,102.7,241.1548,NA,3,2,NA,3,NA,NA,NA,NA,NA,0.14,NA,0.01,NA,0.31,NA,1.2,NA,0,NA,0,NA,NA,9,NA,NA,9,NA,NA,9,NA,NA,9,NA,NA,9,NA,NA,11,18.25,379.7,0.04,NA,241.1548,NA,NA,NA,NA,NA,NA,NA,1984-10-02-C-32NM,198410,19841009331000,09331000,19-8410NM-HY-296-2258-09331000,4,ST,-293.76,1984,10,30977,296,22:58:00,30.521666,30,31.3,N,-122.263333,-122,15.8,W,93.3,93.3,93.3,100.0,100,100,3730,NA,NA,RV NEW HORIZON,32NM,HY,317,3162,NA,93  100,3101,8410,22.7,NA,NA,NA,NA,NA,NA,35,7,4,33,17,1018,20.5,17.5,1,8,4,7
31JD19841002,RV DAVID STARR JORDAN,10/22/1984,1984,10,22,00:00:00,093.3 100.0,30.513,-122.2576,11,NA,2,33.575,2,1983.1,2,2240.8,2,23876,584459,19-8410NM-HY-296-2258-09331000-0011A-3,18.25,33.564,5.53,24.113,102.7,241.1548,NA,3,2,NA,3,NA,NA,NA,NA,NA,0.14,NA,0.01,NA,0.31,NA,1.2,NA,0,NA,0,NA,NA,9,NA,NA,9,NA,NA,9,NA,NA,9,NA,NA,9,NA,NA,11,18.25,379.7,0.04,NA,241.1548,NA,NA,NA,NA,NA,NA,NA,1984-10-02-C-32NM,198410,19841009331000,09331000,19-8410NM-HY-296-2258-09331000,4,ST,-293.76,1984,10,30977,296,22:58:00,30.521666,30,31.3,N,-122.263333,-122,15.8,W,93.3,93.3,93.3,100.0,100,100,3730,NA,NA,RV NEW HORIZON,32NM,HY,317,3162,NA,93  100,3101,8410,22.7,NA,NA,NA,NA,NA,NA,35,7,4,33,17,1018,20.5,17.5,1,8,4,7
31JD19841002,RV DAVID STARR JORDAN,10/23/1984,1984,10,23,00:00:00,093.3 090.0,30.8464,-121.5896,12,17.84,2,NA,2,1982.3,2,NA,2,23877,584493,19-8410NM-HY-297-0458-09330900-0012A-3,17.84,33.493,5.59,24.159,103,243.7604,NA,3,2,NA,3,NA,NA,NA,NA,NA,0.13,NA,0.04,NA,0.3,NA,1.4,NA,0,NA,0.1,NA,NA,9,NA,NA,9,NA,NA,9,NA,NA,9,NA,NA,9,NA,NA,12,17.84,375.3,0.04,NA,243.7604,NA,NA,NA,NA,NA,NA,NA,1984-10-02-C-32NM,198410,19841009330900,09330900,19-8410NM-HY-297-0458-09330900,4,ST,-253.45,1984,10,30978,297,04:58:00,30.861666,30,51.7,N,-121.59,-121,35.4,W,93.3,93.3,93.2,90.0,90,89.9,3730,NA,NA,RV NEW HORIZON,32NM,HY,318,3172,NA,93   90,3101,8410,23.2,NA,NA,NA,NA,NA,NA,33,5,4,33,17,1017,17.5,15.5,NA,NA,NA,NA
31JD19841002,RV DAVID STARR JORDAN,10/23/1984,1984,10,23,00:00:00,093.3 090.0,30.8464,-121.5896,12,NA,2,NA,2,1982.7,2,NA,2,23877,584493,19-8410NM-HY-297-0458-09330900-0012A-3,17.84,33.493,5.59,24.159,103,243.7604,NA,3,2,NA,3,NA,NA,NA,NA,NA,0.13,NA,0.04,NA,0.3,NA,1.4,NA,0,NA,0.1,NA,NA,9,NA,NA,9,NA,NA,9,NA,NA,9,NA,NA,9,NA,NA,12,17.84,375.3,0.04,NA,243.7604,NA,NA,NA,NA,NA,NA,NA,1984-10-02-C-32NM,198410,19841009330900,09330900,19-8410NM-HY-297-0458-09330900,4,ST,-253.45,1984,10,30978,297,04:58:00,30.861666,30,51.7,N,-121.59,-121,35.4,W,93.3,93.3,93.2,90.0,90,89.9,3730,NA,NA,RV NEW HORIZON,32NM,HY,318,3172,NA,93   90,3101,8410,23.2,NA,NA,NA,NA,NA,NA,33,5,4,33,17,1017,17.5,15.5,NA,NA,NA,NA
31JD19841002,RV DAVID STARR JORDAN,10/28/1984,1984,10,28,00:00:00,096.7 100.0,29.9241,-121.8439,12,18.16,2,NA,2,1980.1,2,NA,2,23901,585283,19-8410NM-HY-302-1913-09671000-0012A-3,18.16,33.245,5.56,23.891,102.9,242.5157,NA,3,2,NA,3,NA,NA,NA,NA,NA,0.09,NA,0.02,NA,0.38,NA,1.2,NA,0,NA,0,NA,NA,9,NA,NA,9,NA,NA,9,NA,NA,9,NA,NA,9,NA,NA,12,18.16,400.9,0.04,NA,242.5157,NA,NA,NA,NA,NA,NA,NA,1984-10-02-C-32NM,198410,19841009671000,09671000,19-8410NM-HY-302-1913-09671000,4,NRO,NA,1984,10,30983,302,19:13:00,29.936666,29,56.2,N,-121.845,-121,50.7,W,96.7,96.7,96.6,100.0,100,99.9,4043,NA,NA,RV NEW HORIZON,32NM,HY,342,3412,NA,97  100,3101,8410,17.1,NA,NA,NA,NA,NA,NA,35,7,5,35,19,1020,17.9,13.8,1,4,7,6
31JD19841002,RV DAVID STARR JORDAN,10/28/1984,1984,10,28,00:00:00,096.7 100.0,29.9241,-121.8439,12,NA,2,NA,2,1978.5,2,NA,2,23901,585283,19-8410NM-HY-302-1913-09671000-0012A-3,18.16,33.245,5.56,23.891,102.9,242.5157,NA,3,2,NA,3,NA,NA,NA,NA,NA,0.09,NA,0.02,NA,0.38,NA,1.2,NA,0,NA,0,NA,NA,9,NA,NA,9,NA,NA,9,NA,NA,9,NA,NA,9,NA,NA,12,18.16,400.9,0.04,NA,242.5157,NA,NA,NA,NA,NA,NA,NA,1984-10-02-C-32NM,198410,19841009671000,09671000,19-8410NM-HY-302-1913-09671000,4,NRO,NA,1984,10,30983,302,19:13:00,29.936666,29,56.2,N,-121.845,-121,50.7,W,96.7,96.7,96.6,100.0,100,99.9,4043,NA,NA,RV NEW HORIZON,32NM,HY,342,3412,NA,97  100,3101,8410,17.1,NA,NA,NA,NA,NA,NA,35,7,5,35,19,1020,17.9,13.8,1,4,7,6
31JD19841002,RV DAVID STARR JORDAN,10/28/1984,1984,10,28,00:00:00,096.7 090.0,30.2575,-121.18,11,18.61,2,NA,2,1982,2,NA,2,23900,585249,19-8410NM-HY-302-1238-09670900-0011A-3,18.61,33.324,5.49,23.84,102.5,239.4743,NA,3,2,NA,3,NA,NA,NA,NA,NA,0.05,NA,0.01,NA,0.36,NA,2,NA,0,NA,0,NA,NA,9,NA,NA,9,NA,NA,9,NA,NA,9,NA,NA,9,NA,NA,11,18.61,405.7,0.04,NA,239.4743,NA,NA,NA,NA,NA,NA,NA,1984-10-02-C-32NM,198410,19841009670900,09670900,19-8410NM-HY-302-1238-09670900,4,NRO,NA,1984,10,30983,302,12:38:00,30.26,30,15.6,N,-121.178333,-121,10.7,W,96.7,96.7,96.7,90.0,90,90,3847,NA,NA,RV NEW HORIZON,32NM,HY,341,3402,NA,97   90,3101,8410,12.9,NA,NA,NA,NA,NA,NA,33,7,5,34,23,1018.2,16.1,12.9,NA,NA,NA,NA
31JD19841002,RV DAVID STARR JORDAN,10/28/1984,1984,10,28,00:00:00,096.7 090.0,30.2575,-121.18,11,NA,2,33.321,2,1982.8,2,2225.7,2,23900,585249,19-8410NM-HY-302-1238-09670900-0011A-3,18.61,33.324,5.49,23.84,102.5,239.4743,NA,3,2,NA,3,NA,NA,NA,NA,NA,0.05,NA,0.01,NA,0.36,NA,2,NA,0,NA,0,NA,NA,9,NA,NA,9,NA,NA,9,NA,NA,9,NA,NA,9,NA,NA,11,18.61,405.7,0.04,NA,239.4743,NA,NA,NA,NA,NA,NA,NA,1984-10-02-C-32NM,198410,19841009670900,09670900,19-8410NM-HY-302-1238-09670900,4,NRO,NA,1984,10,30983,302,12:38:00,30.26,30,15.6,N,-121.178333,-121,10.7,W,96.7,96.7,96.7,90.0,90,90,3847,NA,NA,RV NEW HORIZON,32NM,HY,341,3402,NA,97   90,3101,8410,12.9,NA,NA,NA,NA,NA,NA,33,7,5,34,23,1018.2,16.1,12.9,NA,NA,NA,NA
31JD19841002,RV DAVID STARR JORDAN,10/29/1984,1984,10,29,00:00:00,100.0 100.0,29.3526,-121.4453,10,19.24,2,NA,2,1981.2,2,NA,2,23902,585317,19-8410NM-HY-303-0100-10001000-0010A-3,19.24,33.455,5.44,23.781,102.9,237.307,NA,3,2,NA,3,NA,NA,NA,NA,NA,0.05,NA,0.02,NA,0.33,NA,2.1,NA,0,NA,0,NA,NA,9,NA,NA,9,NA,NA,9,NA,NA,9,NA,NA,9,NA,NA,10,19.24,411.3,0.04,NA,237.307,NA,NA,NA,NA,NA,NA,NA,1984-10-02-C-32NM,198410,19841010001000,10001000,19-8410NM-HY-303-0100-10001000,4,NRO,NA,1984,10,30984,303,01:00:00,29.361666,29,21.7,N,-121.456666,-121,27.4,W,100.0,100,99.9,100.0,100,100.1,4374,NA,NA,RV NEW HORIZON,32NM,HY,343,3422,NA,100  100,3101,8410,14.1,NA,NA,NA,NA,NA,NA,35,12,8,35,15,1017.5,19.8,15.7,1,6,2,NA
31JD19841002,RV DAVID STARR JORDAN,10/29/1984,1984,10,29,00:00:00,100.0 100.0,29.3526,-121.4453,10,NA,2,NA,2,1980.4,2,NA,2,23902,585317,19-8410NM-HY-303-0100-10001000-0010A-3,19.24,33.455,5.44,23.781,102.9,237.307,NA,3,2,NA,3,NA,NA,NA,NA,NA,0.05,NA,0.02,NA,0.33,NA,2.1,NA,0,NA,0,NA,NA,9,NA,NA,9,NA,NA,9,NA,NA,9,NA,NA,9,NA,NA,10,19.24,411.3,0.04,NA,237.307,NA,NA,NA,NA,NA,NA,NA,1984-10-02-C-32NM,198410,19841010001000,10001000,19-8410NM-HY-303-0100-10001000,4,NRO,NA,1984,10,30984,303,01:00:00,29.361666,29,21.7,N,-121.456666,-121,27.4,W,100.0,100,99.9,100.0,100,100.1,4374,NA,NA,RV NEW HORIZON,32NM,HY,343,3422,NA,100  100,3101,8410,14.1,NA,NA,NA,NA,NA,NA,35,12,8,35,15,1017.5,19.8,15.7,1,6,2,NA
31JD19841002,RV DAVID STARR JORDAN,10/29/1984,1984,10,29,00:00:00,100.0 090.0,29.6859,-120.7852,11,18.38,2,NA,2,1979.2,2,NA,2,23903,585350,19-8410NM-HY-303-0638-10000900-0011A-3,18.38,33.242,5.53,23.834,102.8,241.2206,NA,3,2,NA,3,NA,NA,NA,NA,NA,0.05,NA,0.02,NA,NA,9,NA,9,NA,9,NA,9,NA,9,NA,NA,9,NA,NA,9,NA,NA,9,NA,NA,9,NA,NA,11,18.38,406.2,0.04,NA,241.2206,NA,NA,NA,NA,NA,NA,NA,1984-10-02-C-32NM,198410,19841010000900,10000900,19-8410NM-HY-303-0638-10000900,4,NRO,NA,1984,10,30984,303,06:38:00,29.691666,29,41.5,N,-120.791666,-120,47.5,W,100.0,100,100,90.0,90,90,3730,NA,NA,RV NEW HORIZON,32NM,HY,344,3432,NA,100   90,3101,8410,14.1,NA,NA,NA,NA,NA,NA,34,8,5,33,17,1017,16.1,15,NA,NA,NA,NA
31JD19841002,RV DAVID STARR JORDAN,10/29/1984,1984,10,29,00:00:00,100.0 090.0,29.6859,-120.7852,11,NA,2,NA,2,1979.4,2,NA,2,23903,585350,19-8410NM-HY-303-0638-10000900-0011A-3,18.38,33.242,5.53,23.834,102.8,241.2206,NA,3,2,NA,3,NA,NA,NA,NA,NA,0.05,NA,0.02,NA,NA,9,NA,9,NA,9,NA,9,NA,9,NA,NA,9,NA,NA,9,NA,NA,9,NA,NA,9,NA,NA,11,18.38,406.2,0.04,NA,241.2206,NA,NA,NA,NA,NA,NA,NA,1984-10-02-C-32NM,198410,19841010000900,10000900,19-8410NM-HY-303-0638-10000900,4,NRO,NA,1984,10,30984,303,06:38:00,29.691666,29,41.5,N,-120.791666,-120,47.5,W,100.0,100,100,90.0,90,90,3730,NA,NA,RV NEW HORIZON,32NM,HY,344,3432,NA,100   90,3101,8410,14.1,NA,NA,NA,NA,NA,NA,34,8,5,33,17,1017,16.1,15,NA,NA,NA,NA
32NM19861111,RV NEW HORIZON,11/16/1986,1986,11,16,00:00:00,090.0 070.0,32.0846,-120.6387,16,17.6,2,33.545,2,1987.1,2,2242.6,2,24616,601952,19-8611NM-PR-320-1848-09000700-0016A-3,17.63,33.535,5.58,24.242,102.4,243.3046,NA,3,2,NA,3,NA,NA,NA,NA,NA,0.18,NA,0.05,NA,0.35,NA,1.9,NA,0,NA,0,NA,NA,9,2.3,1,NA,2.2,1,NA,0.08,2,NA,2.3,1,NA,06:04:00,33,16,17.63,367.5,0.05,NA,243.3046,NA,NA,NA,NA,NA,NA,NA,1986-11-11-C-32NM,198611,19861109000700,09000700,19-8611NM-PR-320-1848-09000700,4,ST,-168.83,1986,11,31732,320,18:48:00,32.091666,32,5.5,N,-120.641666,-120,38.5,W,90.0,90,90,70.0,70,70,NA,21,2,RV NEW HORIZON,32NM,PR,24,232,NA,90   70,3101,8611,26,136.6,11:41:00,17:45:00,11:48:00,17:25:00,8,NA,NA,NA,NA,NA,NA,NA,NA,NA,NA,NA,NA
32NM19861111,RV NEW HORIZON,11/16/1986,1986,11,16,00:00:00,090.0 070.0,32.0846,-120.6387,16,17.6,2,33.545,2,1987.1,2,2242.6,2,24617,601963,19-8611NM-HY-320-1932-09000700-0016A-3,17.61,33.538,5.57,24.249,102.2,242.8669,NA,3,2,NA,3,NA,NA,NA,NA,NA,0.19,NA,0.05,NA,0.32,NA,2,NA,0,NA,0,NA,NA,9,NA,NA,9,NA,NA,9,NA,NA,9,NA,NA,9,NA,NA,16,17.61,366.9,0.05,NA,242.8669,NA,NA,NA,NA,NA,NA,NA,1986-11-11-C-32NM,198611,19861109000700,09000700,19-8611NM-HY-320-1932-09000700,4,ST,-168.63,1986,11,31732,320,19:32:00,32.098333,32,5.9,N,-120.641666,-120,38.5,W,90.0,90,89.9,70.0,70,69.9,3832,NA,NA,RV NEW HORIZON,32NM,HY,25,242,NA,90   70,3101,8611,27.3,NA,NA,NA,NA,NA,NA,28,3,14,9,10,1015,19.5,17,2,3,8,7
32NM19861111,RV NEW HORIZON,11/16/1986,1986,11,16,00:00:00,090.0 070.0,32.0846,-120.6387,16,NA,2,33.542,2,1987.5,2,2241,2,24616,601952,19-8611NM-PR-320-1848-09000700-0016A-3,17.63,33.535,5.58,24.242,102.4,243.3046,NA,3,2,NA,3,NA,NA,NA,NA,NA,0.18,NA,0.05,NA,0.35,NA,1.9,NA,0,NA,0,NA,NA,9,2.3,1,NA,2.2,1,NA,0.08,2,NA,2.3,1,NA,06:04:00,33,16,17.63,367.5,0.05,NA,243.3046,NA,NA,NA,NA,NA,NA,NA,1986-11-11-C-32NM,198611,19861109000700,09000700,19-8611NM-PR-320-1848-09000700,4,ST,-168.83,1986,11,31732,320,18:48:00,32.091666,32,5.5,N,-120.641666,-120,38.5,W,90.0,90,90,70.0,70,70,NA,21,2,RV NEW HORIZON,32NM,PR,24,232,NA,90   70,3101,8611,26,136.6,11:41:00,17:45:00,11:48:00,17:25:00,8,NA,NA,NA,NA,NA,NA,NA,NA,NA,NA,NA,NA
32NM19861111,RV NEW HORIZON,11/16/1986,1986,11,16,00:00:00,090.0 070.0,32.0846,-120.6387,16,NA,2,33.542,2,1987.5,2,2241,2,24617,601963,19-8611NM-HY-320-1932-09000700-0016A-3,17.61,33.538,5.57,24.249,102.2,242.8669,NA,3,2,NA,3,NA,NA,NA,NA,NA,0.19,NA,0.05,NA,0.32,NA,2,NA,0,NA,0,NA,NA,9,NA,NA,9,NA,NA,9,NA,NA,9,NA,NA,9,NA,NA,16,17.61,366.9,0.05,NA,242.8669,NA,NA,NA,NA,NA,NA,NA,1986-11-11-C-32NM,198611,19861109000700,09000700,19-8611NM-HY-320-1932-09000700,4,ST,-168.63,1986,11,31732,320,19:32:00,32.098333,32,5.9,N,-120.641666,-120,38.5,W,90.0,90,89.9,70.0,70,69.9,3832,NA,NA,RV NEW HORIZON,32NM,HY,25,242,NA,90   70,3101,8611,27.3,NA,NA,NA,NA,NA,NA,28,3,14,9,10,1015,19.5,17,2,3,8,7
32NM19861111,RV NEW HORIZON,11/16/1986,1986,11,16,00:00:00,090.0 090.0,31.4179,-121.99,11,16.17,2,32.899,2,1972.9,3,2204.5,2,24614,601888,19-8611NM-HY-320-0729-09000900-0011A-3,16.17,32.901,5.78,24.096,102.7,252.0611,NA,3,2,NA,3,NA,NA,NA,NA,NA,0.13,NA,0.05,NA,0.4,NA,1.1,NA,0,NA,0,NA,NA,9,NA,NA,9,NA,NA,9,NA,NA,9,NA,NA,9,NA,NA,11,16.17,381.2,0.04,NA,252.0611,NA,NA,NA,NA,NA,NA,NA,1986-11-11-C-32NM,198611,19861109000900,09000900,19-8611NM-HY-320-0729-09000900,4,ST,-248.37,1986,11,31732,320,07:29:00,31.403333,31,24.2,N,-121.973333,-121,58.4,W,90.0,90,90.1,90.0,90,89.9,3951,NA,NA,RV NEW HORIZON,32NM,HY,22,212,NA,90   90,3101,8611,27.1,NA,NA,NA,NA,NA,NA,NA,NA,NA,12,6,1016.6,17.3,16.5,NA,NA,NA,NA
32NM19861111,RV NEW HORIZON,11/16/1986,1986,11,16,00:00:00,090.0 090.0,31.4179,-121.99,11,NA,2,32.898,2,1972.5,3,2204.1,2,24614,601888,19-8611NM-HY-320-0729-09000900-0011A-3,16.17,32.901,5.78,24.096,102.7,252.0611,NA,3,2,NA,3,NA,NA,NA,NA,NA,0.13,NA,0.05,NA,0.4,NA,1.1,NA,0,NA,0,NA,NA,9,NA,NA,9,NA,NA,9,NA,NA,9,NA,NA,9,NA,NA,11,16.17,381.2,0.04,NA,252.0611,NA,NA,NA,NA,NA,NA,NA,1986-11-11-C-32NM,198611,19861109000900,09000900,19-8611NM-HY-320-0729-09000900,4,ST,-248.37,1986,11,31732,320,07:29:00,31.403333,31,24.2,N,-121.973333,-121,58.4,W,90.0,90,90.1,90.0,90,89.9,3951,NA,NA,RV NEW HORIZON,32NM,HY,22,212,NA,90   90,3101,8611,27.1,NA,NA,NA,NA,NA,NA,NA,NA,NA,12,6,1016.6,17.3,16.5,NA,NA,NA,NA
32NM19871113,RV NEW HORIZON,11/17/1987,1987,11,17,00:00:00,090.0 090.0,31.4179,-121.99,10,18.26,2,33.217,2,1977.8,2,2231,2,25228,617659,19-8711NM-HY-321-2327-09000900-0010A-3,18.26,33.221,5.55,23.848,102.9,242.0897,NA,3,2,NA,3,NA,NA,NA,NA,NA,0.08,NA,0.02,NA,0.32,NA,2.4,NA,0,NA,0,NA,NA,9,NA,NA,9,NA,NA,9,NA,NA,9,NA,NA,9,NA,NA,10,18.26,404.9,0.04,NA,242.0897,NA,NA,NA,NA,NA,NA,NA,1987-11-13-C-32NM,198711,19871109000900,09000900,19-8711NM-HY-321-2327-09000900,4,ST,-248.7,1987,11,32098,321,23:27:00,31.418333,31,25.1,N,-121.991666,-121,59.5,W,90.0,90,90,90.0,90,90,3882,32,2,RV NEW HORIZON,32NM,HY,25,242,NA,90   90,3101,8711,19.8,NA,NA,NA,NA,NA,NA,30,3,6,29,11,1015.9,18.6,15.9,2,6,8,8
32NM19871113,RV NEW HORIZON,11/18/1987,1987,11,18,00:00:00,090.0 070.0,32.0846,-120.6387,11,17.04,2,33.31,2,1980.5,2,2233.3,2,25230,617726,19-8711NM-HY-322-1043-09000700-0011A-3,17.04,33.319,5.68,24.216,102.9,247.6712,NA,3,2,NA,3,NA,NA,NA,NA,NA,0.28,NA,0.05,NA,0.32,NA,1.6,NA,0,NA,0.1,NA,NA,9,NA,NA,9,NA,NA,9,NA,NA,9,NA,NA,9,NA,NA,11,17.04,369.8,0.04,NA,247.6712,NA,NA,NA,NA,NA,NA,NA,1987-11-13-C-32NM,198711,19871109000700,09000700,19-8711NM-HY-322-1043-09000700,4,ST,-168.82,1987,11,32099,322,10:43:00,32.085,32,5.1,N,-120.636666,-120,38.2,W,90.0,90,90,70.0,70,70,3814,NA,NA,RV NEW HORIZON,32NM,HY,27,262,NA,90   70,3101,8711,23.2,NA,NA,NA,NA,NA,NA,NA,NA,NA,22,6,1019.1,17,15.5,NA,NA,NA,NA
32NM19881011,RV NEW HORIZON,10/14/1988,1988,10,14,00:00:00,090.0 120.0,30.4179,-123.9989,17,18.61,2,33.122,2,1980.8,2,2215.2,2,25968,632635,19-8810NM-HY-288-2341-09001200-0017A-3,18.61,33.128,5.52,23.691,103,240.818,NA,3,2,NA,3,NA,NA,NA,NA,NA,0.08,NA,0.01,NA,0.3,NA,1.8,NA,0,NA,0.1,NA,NA,9,NA,NA,9,NA,NA,9,NA,NA,9,NA,NA,9,NA,NA,17,18.61,420.2,0.07,NA,240.818,NA,NA,NA,NA,NA,NA,NA,1988-10-11-C-32NM,198810,19881009001200,09001200,19-8810NM-HY-288-2341-09001200,4,ST,-368.44,1988,10,32430,288,23:41:00,30.42,30,25.2,N,-124.005,-124,0.3,W,90.0,90,90,120.0,120,120.1,4246,32,1,RV NEW HORIZON,32NM,HY,21,202,NA,90  120,3101,8810,21.8,NA,NA,NA,NA,NA,NA,33,4,6,34,16,1017.3,19.2,16.1,1,4,5,7
32NM19881011,RV NEW HORIZON,10/14/1988,1988,10,14,00:00:00,090.0 120.0,30.4179,-123.9989,17,NA,2,33.124,2,1980.9,2,2217.3,2,25968,632635,19-8810NM-HY-288-2341-09001200-0017A-3,18.61,33.128,5.52,23.691,103,240.818,NA,3,2,NA,3,NA,NA,NA,NA,NA,0.08,NA,0.01,NA,0.3,NA,1.8,NA,0,NA,0.1,NA,NA,9,NA,NA,9,NA,NA,9,NA,NA,9,NA,NA,9,NA,NA,17,18.61,420.2,0.07,NA,240.818,NA,NA,NA,NA,NA,NA,NA,1988-10-11-C-32NM,198810,19881009001200,09001200,19-8810NM-HY-288-2341-09001200,4,ST,-368.44,1988,10,32430,288,23:41:00,30.42,30,25.2,N,-124.005,-124,0.3,W,90.0,90,90,120.0,120,120.1,4246,32,1,RV NEW HORIZON,32NM,HY,21,202,NA,90  120,3101,8810,21.8,NA,NA,NA,NA,NA,NA,33,4,6,34,16,1017.3,19.2,16.1,1,4,5,7
32NM19881011,RV NEW HORIZON,10/14/1988,1988,10,14,09:57:55,090.0 120.0,30.4179,-123.9989,17,18.61,2,33.123,2,1980.9,2,2216.2,2,25968,632635,19-8810NM-HY-288-2341-09001200-0017A-3,18.61,33.128,5.52,23.691,103,240.818,NA,3,2,NA,3,NA,NA,NA,NA,NA,0.08,NA,0.01,NA,0.3,NA,1.8,NA,0,NA,0.1,NA,NA,9,NA,NA,9,NA,NA,9,NA,NA,9,NA,NA,9,NA,NA,17,18.61,420.2,0.07,NA,240.818,NA,NA,NA,NA,NA,NA,NA,1988-10-11-C-32NM,198810,19881009001200,09001200,19-8810NM-HY-288-2341-09001200,4,ST,-368.44,1988,10,32430,288,23:41:00,30.42,30,25.2,N,-124.005,-124,0.3,W,90.0,90,90,120.0,120,120.1,4246,32,1,RV NEW HORIZON,32NM,HY,21,202,NA,90  120,3101,8810,21.8,NA,NA,NA,NA,NA,NA,33,4,6,34,16,1017.3,19.2,16.1,1,4,5,7
32NM19881011,RV NEW HORIZON,10/15/1988,1988,10,15,00:00:00,090.0 090.0,31.4179,-121.99,11,18.39,2,33.242,2,1982.3,2,2222.3,2,25971,632737,19-8810NM-HY-289-1716-09000900-0011A-3,18.39,33.25,5.51,23.838,102.4,240.3472,NA,3,2,NA,3,NA,NA,NA,NA,NA,0.09,NA,0.02,NA,0.31,NA,1.6,NA,0,NA,0.1,NA,NA,9,NA,NA,9,NA,NA,9,NA,NA,9,NA,NA,9,NA,NA,11,18.39,405.9,0.04,NA,240.3472,NA,NA,NA,NA,NA,NA,NA,1988-10-11-C-32NM,198810,19881009000900,09000900,19-8810NM-HY-289-1716-09000900,4,ST,-248.45,1988,10,32431,289,17:16:00,31.421666,31,25.3,N,-121.988333,-121,59.3,W,90.0,90,90,90.0,90,90,NA,NA,NA,RV NEW HORIZON,32NM,HY,24,232,NA,90   90,3101,8810,23.4,NA,NA,NA,NA,NA,NA,33,5,7,34,16,1018.2,18,16.6,2,7,8,7
32NM19881011,RV NEW HORIZON,10/15/1988,1988,10,15,00:00:00,090.0 090.0,31.4179,-121.99,11,NA,2,NA,2,NA,2,NA,2,25971,632737,19-8810NM-HY-289-1716-09000900-0011A-3,18.39,33.25,5.51,23.838,102.4,240.3472,NA,3,2,NA,3,NA,NA,NA,NA,NA,0.09,NA,0.02,NA,0.31,NA,1.6,NA,0,NA,0.1,NA,NA,9,NA,NA,9,NA,NA,9,NA,NA,9,NA,NA,9,NA,NA,11,18.39,405.9,0.04,NA,240.3472,NA,NA,NA,NA,NA,NA,NA,1988-10-11-C-32NM,198810,19881009000900,09000900,19-8810NM-HY-289-1716-09000900,4,ST,-248.45,1988,10,32431,289,17:16:00,31.421666,31,25.3,N,-121.988333,-121,59.3,W,90.0,90,90,90.0,90,90,NA,NA,NA,RV NEW HORIZON,32NM,HY,24,232,NA,90   90,3101,8810,23.4,NA,NA,NA,NA,NA,NA,33,5,7,34,16,1018.2,18,16.6,2,7,8,7
32NM19881011,RV NEW HORIZON,10/15/1988,1988,10,15,00:00:00,090.0 090.0,31.4179,-121.99,11,18.39,2,33.242,2,1982.4,2,2221.6,2,25971,632737,19-8810NM-HY-289-1716-09000900-0011A-3,18.39,33.25,5.51,23.838,102.4,240.3472,NA,3,2,NA,3,NA,NA,NA,NA,NA,0.09,NA,0.02,NA,0.31,NA,1.6,NA,0,NA,0.1,NA,NA,9,NA,NA,9,NA,NA,9,NA,NA,9,NA,NA,9,NA,NA,11,18.39,405.9,0.04,NA,240.3472,NA,NA,NA,NA,NA,NA,NA,1988-10-11-C-32NM,198810,19881009000900,09000900,19-8810NM-HY-289-1716-09000900,4,ST,-248.45,1988,10,32431,289,17:16:00,31.421666,31,25.3,N,-121.988333,-121,59.3,W,90.0,90,90,90.0,90,90,NA,NA,NA,RV NEW HORIZON,32NM,HY,24,232,NA,90   90,3101,8810,23.4,NA,NA,NA,NA,NA,NA,33,5,7,34,16,1018.2,18,16.6,2,7,8,7
32NM19881011,RV NEW HORIZON,10/15/1988,1988,10,15,00:00:00,090.0 090.0,31.4179,-121.99,11,NA,2,33.242,2,1981.5,2,2226.4,2,25971,632737,19-8810NM-HY-289-1716-09000900-0011A-3,18.39,33.25,5.51,23.838,102.4,240.3472,NA,3,2,NA,3,NA,NA,NA,NA,NA,0.09,NA,0.02,NA,0.31,NA,1.6,NA,0,NA,0.1,NA,NA,9,NA,NA,9,NA,NA,9,NA,NA,9,NA,NA,9,NA,NA,11,18.39,405.9,0.04,NA,240.3472,NA,NA,NA,NA,NA,NA,NA,1988-10-11-C-32NM,198810,19881009000900,09000900,19-8810NM-HY-289-1716-09000900,4,ST,-248.45,1988,10,32431,289,17:16:00,31.421666,31,25.3,N,-121.988333,-121,59.3,W,90.0,90,90,90.0,90,90,NA,NA,NA,RV NEW HORIZON,32NM,HY,24,232,NA,90   90,3101,8810,23.4,NA,NA,NA,NA,NA,NA,33,5,7,34,16,1018.2,18,16.6,2,7,8,7
32NM19881011,RV NEW HORIZON,10/15/1988,1988,10,15,10:30:37,090.0 090.0,31.4179,-121.99,11,18.39,2,33.242,2,1982,2,2224,2,25971,632737,19-8810NM-HY-289-1716-09000900-0011A-3,18.39,33.25,5.51,23.838,102.4,240.3472,NA,3,2,NA,3,NA,NA,NA,NA,NA,0.09,NA,0.02,NA,0.31,NA,1.6,NA,0,NA,0.1,NA,NA,9,NA,NA,9,NA,NA,9,NA,NA,9,NA,NA,9,NA,NA,11,18.39,405.9,0.04,NA,240.3472,NA,NA,NA,NA,NA,NA,NA,1988-10-11-C-32NM,198810,19881009000900,09000900,19-8810NM-HY-289-1716-09000900,4,ST,-248.45,1988,10,32431,289,17:16:00,31.421666,31,25.3,N,-121.988333,-121,59.3,W,90.0,90,90,90.0,90,90,NA,NA,NA,RV NEW HORIZON,32NM,HY,24,232,NA,90   90,3101,8810,23.4,NA,NA,NA,NA,NA,NA,33,5,7,34,16,1018.2,18,16.6,2,7,8,7
32NM19881011,RV NEW HORIZON,10/15/1988,1988,10,15,10:30:37,090.0 090.0,31.4179,-121.99,11,18.39,2,33.246,2,1982.3,2,2222.3,2,25971,632737,19-8810NM-HY-289-1716-09000900-0011A-3,18.39,33.25,5.51,23.838,102.4,240.3472,NA,3,2,NA,3,NA,NA,NA,NA,NA,0.09,NA,0.02,NA,0.31,NA,1.6,NA,0,NA,0.1,NA,NA,9,NA,NA,9,NA,NA,9,NA,NA,9,NA,NA,9,NA,NA,11,18.39,405.9,0.04,NA,240.3472,NA,NA,NA,NA,NA,NA,NA,1988-10-11-C-32NM,198810,19881009000900,09000900,19-8810NM-HY-289-1716-09000900,4,ST,-248.45,1988,10,32431,289,17:16:00,31.421666,31,25.3,N,-121.988333,-121,59.3,W,90.0,90,90,90.0,90,90,NA,NA,NA,RV NEW HORIZON,32NM,HY,24,232,NA,90   90,3101,8810,23.4,NA,NA,NA,NA,NA,NA,33,5,7,34,16,1018.2,18,16.6,2,7,8,7
32NM19881011,RV NEW HORIZON,10/16/1988,1988,10,16,00:00:00,090.0 070.0,32.0846,-120.6387,13,18.6,2,33.383,2,1985.3,2,2229.6,2,25974,632816,19-8810NM-HY-290-0541-09000700-0013A-3,18.6,33.391,5.49,23.894,102.5,239.4617,NA,3,2,NA,3,NA,NA,NA,NA,NA,0.11,NA,0.02,NA,0.58,8,2.2,NA,0,NA,0.1,NA,NA,9,NA,NA,9,NA,NA,9,NA,NA,9,NA,NA,9,NA,NA,13,18.6,400.6,0.05,NA,239.4617,NA,NA,NA,NA,NA,NA,NA,1988-10-11-C-32NM,198810,19881009000700,09000700,19-8810NM-HY-290-0541-09000700,4,ST,-169.01,1988,10,32432,290,05:41:00,32.088333,32,5.3,N,-120.643333,-120,38.6,W,90.0,90,90,70.0,70,70,3824,NA,NA,RV NEW HORIZON,32NM,HY,27,262,NA,90   70,3101,8810,27.9,NA,NA,NA,NA,NA,NA,NA,NA,NA,31,16,1014.4,17.2,16.8,NA,NA,NA,NA
32NM19881011,RV NEW HORIZON,10/16/1988,1988,10,16,00:00:00,090.0 070.0,32.0846,-120.6387,13,NA,2,33.384,2,1986.8,2,2232.7,2,25974,632816,19-8810NM-HY-290-0541-09000700-0013A-3,18.6,33.391,5.49,23.894,102.5,239.4617,NA,3,2,NA,3,NA,NA,NA,NA,NA,0.11,NA,0.02,NA,0.58,8,2.2,NA,0,NA,0.1,NA,NA,9,NA,NA,9,NA,NA,9,NA,NA,9,NA,NA,9,NA,NA,13,18.6,400.6,0.05,NA,239.4617,NA,NA,NA,NA,NA,NA,NA,1988-10-11-C-32NM,198810,19881009000700,09000700,19-8810NM-HY-290-0541-09000700,4,ST,-169.01,1988,10,32432,290,05:41:00,32.088333,32,5.3,N,-120.643333,-120,38.6,W,90.0,90,90,70.0,70,70,3824,NA,NA,RV NEW HORIZON,32NM,HY,27,262,NA,90   70,3101,8810,27.9,NA,NA,NA,NA,NA,NA,NA,NA,NA,31,16,1014.4,17.2,16.8,NA,NA,NA,NA
32NM19881011,RV NEW HORIZON,10/16/1988,1988,10,16,10:10:42,090.0 070.0,32.0846,-120.6387,13,18.6,2,33.383,2,1986,2,2231.1,2,25974,632816,19-8810NM-HY-290-0541-09000700-0013A-3,18.6,33.391,5.49,23.894,102.5,239.4617,NA,3,2,NA,3,NA,NA,NA,NA,NA,0.11,NA,0.02,NA,0.58,8,2.2,NA,0,NA,0.1,NA,NA,9,NA,NA,9,NA,NA,9,NA,NA,9,NA,NA,9,NA,NA,13,18.6,400.6,0.05,NA,239.4617,NA,NA,NA,NA,NA,NA,NA,1988-10-11-C-32NM,198810,19881009000700,09000700,19-8810NM-HY-290-0541-09000700,4,ST,-169.01,1988,10,32432,290,05:41:00,32.088333,32,5.3,N,-120.643333,-120,38.6,W,90.0,90,90,70.0,70,70,3824,NA,NA,RV NEW HORIZON,32NM,HY,27,262,NA,90   70,3101,8810,27.9,NA,NA,NA,NA,NA,NA,NA,NA,NA,31,16,1014.4,17.2,16.8,NA,NA,NA,NA
32NM19891106,RV NEW HORIZON,11/10/1989,1989,11,10,00:00:00,090.0 090.0,31.4179,-121.99,10,18.11,2,33.483,2,1988.9,2,2244.2,2,26316,642297,19-8911NM-HY-314-1800-09000900-0010A-7,18.1,33.485,5.52,24.089,102.2,240.7244,NA,7,2,NA,3,NA,9,NA,NA,NA,0.14,NA,0.04,NA,0.38,NA,2.1,NA,0,NA,0.1,NA,NA,9,NA,NA,9,NA,NA,9,NA,NA,9,NA,NA,9,NA,NA,10,18.1,381.9,0.03,NA,240.7244,NA,NA,NA,NA,NA,NA,NA,1989-11-06-C-32NM,198911,19891109000900,09000900,19-8911NM-HY-314-1800-09000900,4,ST,-248.22,1989,11,32822,314,18:00:00,31.426666,31,25.6,N,-121.986666,-121,59.2,W,90.0,90,90,90.0,90,89.9,4628,NA,NA,RV NEW HORIZON,32NM,HY,22,212,NA,90   90,3101,8911,23.9,NA,NA,NA,NA,NA,NA,34,4,5,34,9,1016.7,19.8,18.8,0,NA,0,8
32NM19891106,RV NEW HORIZON,11/10/1989,1989,11,10,00:00:00,090.0 090.0,31.4179,-121.99,10,18.11,2,33.483,2,1988.9,2,2244.2,2,26317,642330,19-8911NM-PR-314-1845-09000900-0010A-7,18.1,33.486,5.54,24.09,102.6,241.5963,NA,7,2,NA,3,NA,9,NA,NA,NA,0.15,NA,0.05,NA,0.38,NA,2.2,NA,0,NA,0.1,NA,NA,9,NA,NA,9,NA,NA,9,0.03,2,NA,1.1,1,NA,NA,80.8,10,18.1,381.8,0.03,NA,241.5963,NA,NA,NA,NA,NA,NA,NA,1989-11-06-C-32NM,198911,19891109000900,09000900,19-8911NM-PR-314-1845-09000900,4,ST,-248.27,1989,11,32822,314,18:45:00,31.43,31,25.8,N,-121.99,-121,59.4,W,90.0,90,89.9,90.0,90,89.9,4628,34,2,RV NEW HORIZON,32NM,PR,23,222,NA,90   90,3101,8911,24.6,171.4,11:37:00,17:35:00,11:52:00,17:35:00,8,NA,NA,NA,NA,NA,NA,NA,NA,NA,NA,NA,NA
32NM19891106,RV NEW HORIZON,11/10/1989,1989,11,10,00:00:00,090.0 090.0,31.4179,-121.99,10,NA,2,33.479,2,1991.4,2,2238,2,26316,642297,19-8911NM-HY-314-1800-09000900-0010A-7,18.1,33.485,5.52,24.089,102.2,240.7244,NA,7,2,NA,3,NA,9,NA,NA,NA,0.14,NA,0.04,NA,0.38,NA,2.1,NA,0,NA,0.1,NA,NA,9,NA,NA,9,NA,NA,9,NA,NA,9,NA,NA,9,NA,NA,10,18.1,381.9,0.03,NA,240.7244,NA,NA,NA,NA,NA,NA,NA,1989-11-06-C-32NM,198911,19891109000900,09000900,19-8911NM-HY-314-1800-09000900,4,ST,-248.22,1989,11,32822,314,18:00:00,31.426666,31,25.6,N,-121.986666,-121,59.2,W,90.0,90,90,90.0,90,89.9,4628,NA,NA,RV NEW HORIZON,32NM,HY,22,212,NA,90   90,3101,8911,23.9,NA,NA,NA,NA,NA,NA,34,4,5,34,9,1016.7,19.8,18.8,0,NA,0,8
32NM19891106,RV NEW HORIZON,11/10/1989,1989,11,10,00:00:00,090.0 090.0,31.4179,-121.99,10,NA,2,33.479,2,1991.4,2,2238,2,26317,642330,19-8911NM-PR-314-1845-09000900-0010A-7,18.1,33.486,5.54,24.09,102.6,241.5963,NA,7,2,NA,3,NA,9,NA,NA,NA,0.15,NA,0.05,NA,0.38,NA,2.2,NA,0,NA,0.1,NA,NA,9,NA,NA,9,NA,NA,9,0.03,2,NA,1.1,1,NA,NA,80.8,10,18.1,381.8,0.03,NA,241.5963,NA,NA,NA,NA,NA,NA,NA,1989-11-06-C-32NM,198911,19891109000900,09000900,19-8911NM-PR-314-1845-09000900,4,ST,-248.27,1989,11,32822,314,18:45:00,31.43,31,25.8,N,-121.99,-121,59.4,W,90.0,90,89.9,90.0,90,89.9,4628,34,2,RV NEW HORIZON,32NM,PR,23,222,NA,90   90,3101,8911,24.6,171.4,11:37:00,17:35:00,11:52:00,17:35:00,8,NA,NA,NA,NA,NA,NA,NA,NA,NA,NA,NA,NA
32NM19891106,RV NEW HORIZON,11/10/1989,1989,11,10,00:00:00,090.0 120.0,30.4179,-123.9989,10,19.44,2,33.709,2,1992.5,2,2249.7,2,26313,642199,19-8911NM-HY-314-0044-09001200-0010A-7,19.44,33.711,5.39,23.926,102.5,235.0926,NA,7,2,NA,3,NA,9,NA,NA,NA,0.1,NA,0.03,NA,0.3,NA,2.4,NA,0,NA,0,NA,NA,9,NA,NA,9,NA,NA,9,NA,NA,9,NA,NA,9,NA,NA,10,19.44,397.5,0.04,NA,235.0926,NA,NA,NA,NA,NA,NA,NA,1989-11-06-C-32NM,198911,19891109001200,09001200,19-8911NM-HY-314-0044-09001200,4,ST,-368.08,1989,11,32822,314,00:44:00,30.426666,30,25.6,N,-124.001666,-124,0.1,W,90.0,90,90,120.0,120,120,4220,30,2,RV NEW HORIZON,32NM,HY,19,182,NA,90  120,3101,8911,26.1,NA,NA,NA,NA,NA,NA,35,6,6,35,11,1016.5,17.6,16.7,1,7,7,7
32NM19891106,RV NEW HORIZON,11/10/1989,1989,11,10,00:00:00,090.0 120.0,30.4179,-123.9989,10,NA,2,33.707,2,1993.7,2,2254.6,2,26313,642199,19-8911NM-HY-314-0044-09001200-0010A-7,19.44,33.711,5.39,23.926,102.5,235.0926,NA,7,2,NA,3,NA,9,NA,NA,NA,0.1,NA,0.03,NA,0.3,NA,2.4,NA,0,NA,0,NA,NA,9,NA,NA,9,NA,NA,9,NA,NA,9,NA,NA,9,NA,NA,10,19.44,397.5,0.04,NA,235.0926,NA,NA,NA,NA,NA,NA,NA,1989-11-06-C-32NM,198911,19891109001200,09001200,19-8911NM-HY-314-0044-09001200,4,ST,-368.08,1989,11,32822,314,00:44:00,30.426666,30,25.6,N,-124.001666,-124,0.1,W,90.0,90,90,120.0,120,120,4220,30,2,RV NEW HORIZON,32NM,HY,19,182,NA,90  120,3101,8911,26.1,NA,NA,NA,NA,NA,NA,35,6,6,35,11,1016.5,17.6,16.7,1,7,7,7
32NM19891106,RV NEW HORIZON,11/11/1989,1989,11,11,00:00:00,090.0 070.0,32.0846,-120.6387,10,17.47,2,NA,2,NA,2,NA,2,26319,642376,19-8911NM-HY-315-0552-09000700-0010A-7,17.47,33.417,5.6,24.189,102.4,244.1893,NA,7,2,NA,3,NA,9,NA,NA,NA,0.18,NA,0.05,NA,0.35,NA,1.9,NA,0,NA,0,NA,NA,9,NA,NA,9,NA,NA,9,NA,NA,9,NA,NA,9,NA,NA,10,17.47,372.3,0.03,NA,244.1893,NA,NA,NA,NA,NA,NA,NA,1989-11-06-C-32NM,198911,19891109000700,09000700,19-8911NM-HY-315-0552-09000700,4,ST,-168.7,1989,11,32823,315,05:52:00,32.086666,32,5.2,N,-120.635,-120,38.1,W,90.0,90,90,70.0,70,69.9,3813,NA,NA,RV NEW HORIZON,32NM,HY,25,242,NA,90   70,3101,8911,26.9,NA,NA,NA,NA,NA,NA,NA,NA,NA,30,11,1013.4,17,16.4,NA,NA,NA,NA
32NM19891106,RV NEW HORIZON,11/11/1989,1989,11,11,00:00:00,090.0 070.0,32.0846,-120.6387,10,NA,2,33.409,2,1989.2,2,2253.4,2,26319,642376,19-8911NM-HY-315-0552-09000700-0010A-7,17.47,33.417,5.6,24.189,102.4,244.1893,NA,7,2,NA,3,NA,9,NA,NA,NA,0.18,NA,0.05,NA,0.35,NA,1.9,NA,0,NA,0,NA,NA,9,NA,NA,9,NA,NA,9,NA,NA,9,NA,NA,9,NA,NA,10,17.47,372.3,0.03,NA,244.1893,NA,NA,NA,NA,NA,NA,NA,1989-11-06-C-32NM,198911,19891109000700,09000700,19-8911NM-HY-315-0552-09000700,4,ST,-168.7,1989,11,32823,315,05:52:00,32.086666,32,5.2,N,-120.635,-120,38.1,W,90.0,90,90,70.0,70,69.9,3813,NA,NA,RV NEW HORIZON,32NM,HY,25,242,NA,90   70,3101,8911,26.9,NA,NA,NA,NA,NA,NA,NA,NA,NA,30,11,1013.4,17,16.4,NA,NA,NA,NA
32NM19891106,RV NEW HORIZON,11/11/1989,1989,11,11,00:00:00,090.0 070.0,32.0846,-120.6387,10,NA,2,NA,2,NA,2,2298.2,3,26319,642376,19-8911NM-HY-315-0552-09000700-0010A-7,17.47,33.417,5.6,24.189,102.4,244.1893,NA,7,2,NA,3,NA,9,NA,NA,NA,0.18,NA,0.05,NA,0.35,NA,1.9,NA,0,NA,0,NA,NA,9,NA,NA,9,NA,NA,9,NA,NA,9,NA,NA,9,NA,NA,10,17.47,372.3,0.03,NA,244.1893,NA,NA,NA,NA,NA,NA,NA,1989-11-06-C-32NM,198911,19891109000700,09000700,19-8911NM-HY-315-0552-09000700,4,ST,-168.7,1989,11,32823,315,05:52:00,32.086666,32,5.2,N,-120.635,-120,38.1,W,90.0,90,90,70.0,70,69.9,3813,NA,NA,RV NEW HORIZON,32NM,HY,25,242,NA,90   70,3101,8911,26.9,NA,NA,NA,NA,NA,NA,NA,NA,NA,30,11,1013.4,17,16.4,NA,NA,NA,NA
32NM19891106,RV NEW HORIZON,11/11/1989,1989,11,11,00:00:00,090.0 070.0,32.0846,-120.6387,10,NA,2,NA,2,NA,2,2232.6,2,26319,642376,19-8911NM-HY-315-0552-09000700-0010A-7,17.47,33.417,5.6,24.189,102.4,244.1893,NA,7,2,NA,3,NA,9,NA,NA,NA,0.18,NA,0.05,NA,0.35,NA,1.9,NA,0,NA,0,NA,NA,9,NA,NA,9,NA,NA,9,NA,NA,9,NA,NA,9,NA,NA,10,17.47,372.3,0.03,NA,244.1893,NA,NA,NA,NA,NA,NA,NA,1989-11-06-C-32NM,198911,19891109000700,09000700,19-8911NM-HY-315-0552-09000700,4,ST,-168.7,1989,11,32823,315,05:52:00,32.086666,32,5.2,N,-120.635,-120,38.1,W,90.0,90,90,70.0,70,69.9,3813,NA,NA,RV NEW HORIZON,32NM,HY,25,242,NA,90   70,3101,8911,26.9,NA,NA,NA,NA,NA,NA,NA,NA,NA,30,11,1013.4,17,16.4,NA,NA,NA,NA
32NM19901105,RV NEW HORIZON,11/10/1990,1990,11,10,04:50:42,090.0 070.0,32.0846,-120.6387,10,16.83,2,33.52,2,1995.5,2,2234.4,2,26610,650043,19-9011NM-HY-314-0019-09000700-0010A-3,16.83,33.52,5.67,24.42,102.4,247.1859,NA,3,2,NA,3,NA,NA,NA,NA,NA,0.33,NA,0.12,NA,0.33,NA,2.2,NA,0,NA,0.1,NA,NA,9,NA,NA,9,NA,NA,9,NA,NA,9,NA,NA,9,NA,NA,10,16.83,350.4,0.03,NA,247.1859,NA,NA,NA,NA,NA,NA,NA,1990-11-05-C-32NM,199011,19901109000700,09000700,19-9011NM-HY-314-0019-09000700,4,ST,-168.98,1990,11,33187,314,00:19:00,32.091666,32,5.5,N,-120.645,-120,38.7,W,90.0,90,90,70.0,70,70,3824,20,3,RV NEW HORIZON,32NM,HY,26,252,NA,90   70,3101,9011,28.1,NA,NA,NA,NA,NA,NA,34,2,5,34,8,1018.1,17.9,17.2,1,0,1,7
32NM19951012,RV NEW HORIZON,10/16/1995,1995,10,16,04:22:26,090.0 090.0,31.4179,-121.99,10,18.26,2,33.43,2,1990.5,2,2229.8,2,28060,690074,19-9510NM-PR-289-1804-09000900-0010A-7,18.24,33.432,5.49,24.014,101.9,239.4336,NA,7,2,NA,3,NA,9,NA,NA,NA,0.18,NA,0.05,NA,0.28,NA,1.7,NA,0,NA,0.1,NA,NA,9,NA,NA,9,NA,NA,9,0.04,2,NA,3.5,1,NA,NA,57.5,10,18.24,389,0.03,NA,239.4336,NA,NA,NA,NA,NA,NA,NA,1995-10-12-C-32NM,199510,19951009000900,09000900,19-9510NM-PR-289-1804-09000900,4,ST,-249,1995,10,34988,289,18:04:00,31.413333,31,24.8,N,-121.995,-121,59.7,W,90.0,90,90,90.0,90,90.1,3806,23,1,RV NEW HORIZON,32NM,PR,19,182,NA,90   90,3101,9510,37.4,276.4,11:55:00,17:53:00,11:54:00,17:56:00,8,35,5,10,33,11,1019,19.2,17.3,2,7,8,7
33SR20201011,RV SALLY RIDE,10/20/2020,2020,10,20,00:00:00,080.0 080.0,33.4833,-122.5333,515,5.357,2,34.237,2,2162.3,4,2280.7,4,35463,891731,20-2010SR-MX-293-2215-08000800-0515A-3,5.357,34.2367,0.404,27.03859,5.71,17.64,1,3,2,NA,3,NA,NA,NA,NA,NA,NA,9,NA,9,3.25,NA,86.35,NA,0,8,42.83,NA,NA,9,NA,NA,9,NA,NA,9,NA,NA,9,NA,NA,9,NA,NA,519,5.31,108.1,0.931,NA,17.64,NA,NA,NA,NA,NA,NA,NA,2020-10-11-C-33SR,202010,20201008000800,08000800,20-2010SR-MX-293-22:15-08000800,4,ST,-118.143,2020,10,37549,293,22:15:51,33.48323,33,28.994,N,-122.53193,-122,31.916,W,080.0,80,80,080.0,80,80,3984,NA,NA,RV SALLY RIDE,33SR,MX,49,54,1,80.0 80.0,3101,2010,23.2,NA,NA,NA,NA,NA,NA,NA,NA,NA,34,17,1013.7,17.2,16.3,NA,NA,NA,NA
33SR20201011,RV SALLY RIDE,10/20/2020,2020,10,20,00:00:00,080.0 080.0,33.4833,-122.5333,270,7.486,2,34.043,2,2223.5,2,2276.2,2,35463,891726,20-2010SR-MX-293-2215-08000800-0270A-3,7.486,34.0429,1.865,26.60456,27.71,81.4,3,3,2,NA,3,NA,NA,NA,NA,NA,NA,9,NA,9,2.44,NA,46.62,NA,0.029,NA,32.96,NA,NA,9,NA,NA,9,NA,NA,9,NA,NA,9,NA,NA,9,NA,NA,272,7.46,147.3,0.623,NA,81.4,NA,NA,NA,NA,NA,NA,NA,2020-10-11-C-33SR,202010,20201008000800,08000800,20-2010SR-MX-293-22:15-08000800,4,ST,-118.143,2020,10,37549,293,22:15:51,33.48323,33,28.994,N,-122.53193,-122,31.916,W,080.0,80,80,080.0,80,80,3984,NA,NA,RV SALLY RIDE,33SR,MX,49,54,1,80.0 80.0,3101,2010,23.2,NA,NA,NA,NA,NA,NA,NA,NA,NA,34,17,1013.7,17.2,16.3,NA,NA,NA,NA
33SR20201011,RV SALLY RIDE,10/20/2020,2020,10,20,00:00:00,080.0 080.0,33.4833,-122.5333,101,10.03,2,33.393,2,2094.9,2,2225.2,2,35463,891719,20-2010SR-MX-293-2215-08000800-0101A-3,10.03,33.3933,4.097,25.69671,64.21,178.92,7,3,2,NA,3,NA,NA,NA,NA,NA,0.033,NA,0.055,NA,1.35,NA,13.49,NA,0.031,NA,16.65,NA,NA,9,NA,NA,9,NA,NA,9,NA,NA,9,NA,NA,9,NA,NA,102,10.02,230.9,0.324,NA,178.92,NA,NA,NA,NA,NA,NA,NA,2020-10-11-C-33SR,202010,20201008000800,08000800,20-2010SR-MX-293-22:15-08000800,4,ST,-118.143,2020,10,37549,293,22:15:51,33.48323,33,28.994,N,-122.53193,-122,31.916,W,080.0,80,80,080.0,80,80,3984,NA,NA,RV SALLY RIDE,33SR,MX,49,54,1,80.0 80.0,3101,2010,23.2,NA,NA,NA,NA,NA,NA,NA,NA,NA,34,17,1013.7,17.2,16.3,NA,NA,NA,NA
33SR20201011,RV SALLY RIDE,10/20/2020,2020,10,20,00:00:00,080.0 080.0,33.4833,-122.5333,51,11.978,2,32.7,3,2024.8,3,2198.2,3,35463,891714,20-2010SR-MX-293-2215-08000800-0051A-3,11.978,32.6997,6.147,24.81004,100.07,267.88,9,3,2,NA,3,NA,NA,6,NA,6,0.404,NA,0.287,NA,0.54,NA,2.34,NA,0.059,NA,1.63,NA,NA,9,NA,NA,9,NA,NA,9,NA,NA,9,NA,NA,9,NA,NA,51,11.97,314.2,0.187,NA,267.88,NA,NA,NA,NA,NA,NA,NA,2020-10-11-C-33SR,202010,20201008000800,08000800,20-2010SR-MX-293-22:15-08000800,4,ST,-118.143,2020,10,37549,293,22:15:51,33.48323,33,28.994,N,-122.53193,-122,31.916,W,080.0,80,80,080.0,80,80,3984,NA,NA,RV SALLY RIDE,33SR,MX,49,54,1,80.0 80.0,3101,2010,23.2,NA,NA,NA,NA,NA,NA,NA,NA,NA,34,17,1013.7,17.2,16.3,NA,NA,NA,NA
33SR20201011,RV SALLY RIDE,10/20/2020,2020,10,20,00:00:00,080.0 080.0,33.4833,-122.5333,51,11.978,2,32.7,3,2024.8,3,2198.2,3,35463,891715,20-2010SR-MX-293-2215-08000800-0051B-6,11.978,32.7049,NA,24.815,NA,NA,10,6,2,NA,3,6,NA,9,6,9,NA,9,NA,9,NA,9,NA,9,NA,9,NA,9,NA,9,NA,NA,9,NA,NA,9,NA,NA,9,NA,NA,9,NA,NA,51,11.97,313.6,0.184,NA,NA,NA,NA,NA,NA,NA,NA,NA,2020-10-11-C-33SR,202010,20201008000800,08000800,20-2010SR-MX-293-22:15-08000800,4,ST,-118.143,2020,10,37549,293,22:15:51,33.48323,33,28.994,N,-122.53193,-122,31.916,W,080.0,80,80,080.0,80,80,3984,NA,NA,RV SALLY RIDE,33SR,MX,49,54,1,80.0 80.0,3101,2010,23.2,NA,NA,NA,NA,NA,NA,NA,NA,NA,34,17,1013.7,17.2,16.3,NA,NA,NA,NA
33SR20201011,RV SALLY RIDE,10/20/2020,2020,10,20,00:00:00,080.0 080.0,33.4833,-122.5333,2,17.996,2,33.003,2,1992.6,2,2213.4,2,35463,891708,20-2010SR-MX-293-2215-08000800-0002A-3,17.996,33.0027,5.612,23.74514,103.38,244.82,14,3,2,NA,3,NA,NA,6,NA,6,0.182,NA,0.075,NA,0.29,NA,1.21,NA,0,8,0,8,NA,9,NA,NA,9,NA,NA,9,NA,NA,9,NA,NA,9,NA,NA,2,18,414.4,0.008,NA,244.82,NA,NA,NA,NA,NA,NA,NA,2020-10-11-C-33SR,202010,20201008000800,08000800,20-2010SR-MX-293-22:15-08000800,4,ST,-118.143,2020,10,37549,293,22:15:51,33.48323,33,28.994,N,-122.53193,-122,31.916,W,080.0,80,80,080.0,80,80,3984,NA,NA,RV SALLY RIDE,33SR,MX,49,54,1,80.0 80.0,3101,2010,23.2,NA,NA,NA,NA,NA,NA,NA,NA,NA,34,17,1013.7,17.2,16.3,NA,NA,NA,NA
33SR20201011,RV SALLY RIDE,10/20/2020,2020,10,20,00:00:00,080.0 090.0,33.15,-123.221,3,18.048,2,32.95,2,1990.6,2,2211.2,2,35464,891733,20-2010SR-MX-293-0819-08000900-0003A-3,18.048,32.9499,5.618,23.69217,103.56,245.29,12,3,2,NA,3,6,NA,NA,6,NA,0.203,NA,0.069,NA,0.29,NA,1.53,NA,0.025,NA,0,8,NA,9,NA,NA,9,NA,NA,9,NA,NA,9,NA,NA,9,NA,NA,3,18.05,419.5,0.006,NA,245.29,NA,NA,NA,NA,NA,NA,NA,2020-10-11-C-33SR,202010,20201008000900,08000900,20-2010SR-MX-293-08:19-08000900,4,ST,-158.079,2020,10,37549,293,08:19:25,33.15047,33,9.028,N,-123.22178,-123,13.307,W,080.0,80,80,090.0,90,90,4239,NA,NA,RV SALLY RIDE,33SR,MX,48,53,1,80.0 90.0,3101,2010,30.8,NA,NA,NA,NA,NA,NA,NA,NA,NA,34,17,1015.3,18.2,16.8,NA,NA,NA,NA
33SR20201011,RV SALLY RIDE,10/20/2020,2020,10,20,00:00:00,080.0 100.0,32.8167,-123.906,25,19.666,2,32.732,3,1983.4,3,2201.2,3,35465,891760,20-2010SR-MX-293-0224-08001000-0025A-3,19.666,32.7316,5.374,23.12237,102.76,234.71,11,3,2,NA,3,6,NA,NA,6,NA,0.215,NA,0.01,NA,0.33,NA,1.22,NA,0,8,0.05,NA,NA,9,NA,NA,9,NA,NA,9,NA,NA,9,NA,NA,9,NA,NA,25,19.66,474.8,0.115,NA,234.71,NA,NA,NA,NA,NA,NA,NA,2020-10-11-C-33SR,202010,20201008001000,08001000,20-2010SR-MX-293-02:24-08001000,4,ST,-197.886,2020,10,37549,293,02:24:15,32.81727,32,49.036,N,-123.90567,-123,54.34,W,080.0,80,80,100.0,100,100,4395,NA,NA,RV SALLY RIDE,33SR,MX,47,52,1,80.0 100.0,3101,2010,38.2,NA,NA,NA,NA,NA,NA,NA,NA,NA,34,17,1015.8,19.1,17.8,NA,NA,NA,NA
33SR20201011,RV SALLY RIDE,10/20/2020,2020,10,20,00:00:00,080.0 100.0,32.8167,-123.906,2,19.684,2,32.732,3,1982.3,3,2206.1,3,35465,891756,20-2010SR-MX-293-0224-08001000-0002A-3,19.684,32.7317,5.377,23.11567,102.1,234.94,14,3,2,NA,3,6,NA,NA,6,NA,0.207,NA,-0.006,NA,0.33,NA,1.23,NA,0,8,0,8,NA,9,NA,NA,9,NA,NA,9,NA,NA,9,NA,NA,9,NA,NA,2,19.68,474.5,0.005,NA,234.94,NA,NA,NA,NA,NA,NA,NA,2020-10-11-C-33SR,202010,20201008001000,08001000,20-2010SR-MX-293-02:24-08001000,4,ST,-197.886,2020,10,37549,293,02:24:15,32.81727,32,49.036,N,-123.90567,-123,54.34,W,080.0,80,80,100.0,100,100,4395,NA,NA,RV SALLY RIDE,33SR,MX,47,52,1,80.0 100.0,3101,2010,38.2,NA,NA,NA,NA,NA,NA,NA,NA,NA,34,17,1015.8,19.1,17.8,NA,NA,NA,NA
